[2026-09-17 08:48:34] [ERROR] unhandledRejection {"errno":8,"code":"SQLITE_READONLY"}
[2026-09-17 08:48:39] [ERROR] [SERVER] {"errno":-3008,"code":"ENOTFOUND","syscall":"getaddrinfo","hostname":"www.googletagmanager.com"}
[2026-09-17 08:48:39] [ERROR] [SERVER] [X-LC-ID-WALtjt4KekJ6AA==] json api exception {"url":"/gtag/js","error":{"errno":-3008,"code":"ENOTFOUND","syscall":"getaddrinfo","hostname":"www.googletagmanager.com"}}
[2026-09-17 08:48:39] [ERROR] unhandledRejection {"errno":-3008,"code":"ENOTFOUND","syscall":"getaddrinfo","hostname":"www.googletagmanager.com"}
[2026-09-17 08:48:41] [ERROR] [SERVER] [X-LC-ID-VwN3j94KekLxAA==] {"errno":-3008,"code":"ENOTFOUND","syscall":"getaddrinfo","hostname":"pro.easyeda.com"}
[2026-09-17 08:48:41] [ERROR] [SERVER] [X-LC-ID-P3GIj94KekJ8AA==] {"errno":-3008,"code":"ENOTFOUND","syscall":"getaddrinfo","hostname":"pro.easyeda.com"}
[2026-09-17 08:48:42] [ERROR] [SERVER] [X-LC-ID-BC29j94KekIcAA==] {"errno":-3008,"code":"ENOTFOUND","syscall":"getaddrinfo","hostname":"pro.easyeda.com"}
[2026-09-17 08:48:43] [ERROR] [SERVER] [X-LC-ID-kY/+j94KekJDAA==] {"errno":-3008,"code":"ENOTFOUND","syscall":"getaddrinfo","hostname":"pro.easyeda.com"}
[2026-09-17 08:48:43] [ERROR] [SERVER] [X-LC-ID-eLsBkN4KekI5AA==] {"errno":-3008,"code":"ENOTFOUND","syscall":"getaddrinfo","hostname":"pro.easyeda.com"}
[2026-09-17 08:48:45] [ERROR] [SERVER] [X-LC-ID-HQthkN4KekLkAA==] {"errno":-3008,"code":"ENOTFOUND","syscall":"getaddrinfo","hostname":"pro.easyeda.com"}
[2026-09-17 08:48:59] [ERROR] [SERVER] [X-LC-ID-ZgXtk94KekIcAA==] device not found df69b335204f4509a5ae5df5cdc97a14
[2026-09-17 08:48:59] [ERROR] [SERVER] [X-LC-ID-ZgXtk94KekIcAA==] device not found 1aa662ca01074dd4b7c59d9ee0ae5ef8
[2026-09-17 08:48:59] [ERROR] [SERVER] [X-LC-ID-ZgXtk94KekIcAA==] device not found 10f51703def24c2c8e15533489a9d404
[2026-09-17 08:48:59] [ERROR] [SERVER] [X-LC-ID-ZgXtk94KekIcAA==] device not found b9b752a0be424d8e9fc43121e5cd681c
[2026-09-17 08:48:59] [ERROR] [SERVER] [X-LC-ID-ZgXtk94KekIcAA==] device not found 93c829a348834d679d8d8a059ea91636
[2026-09-17 08:48:59] [ERROR] [SERVER] [X-LC-ID-ZgXtk94KekIcAA==] device not found 6073168119a941bda41c330f8b8e9152
[2026-09-17 08:48:59] [ERROR] [SERVER] [X-LC-ID-ZgXtk94KekIcAA==] device not found 0317c12649054b9285e3960ac616091e
[2026-09-17 08:48:59] [ERROR] [SERVER] [X-LC-ID-ZgXtk94KekIcAA==] device not found b160c2e17c784c08a241de4465fca222
[2026-09-17 08:48:59] [ERROR] [SERVER] [X-LC-ID-ZgXtk94KekIcAA==] device not found ec5ac45b7e254c1d84a8625935124f1e
[2026-09-17 08:48:59] [ERROR] [SERVER] [X-LC-ID-ZgXtk94KekIcAA==] device not found 048aa00cd3204f50a9c01166f298aacc
[2026-09-17 08:48:59] [ERROR] [SERVER] [X-LC-ID-ZgXtk94KekIcAA==] device not found e0711572ce7e452eb162b0e04b74277e
[2026-09-17 08:48:59] [ERROR] [SERVER] [X-LC-ID-ZgXtk94KekIcAA==] device not found cd3216d9bc4f404184cba0f0abf8ab6e
[2026-09-17 08:48:59] [ERROR] [SERVER] [X-LC-ID-ZgXtk94KekIcAA==] device not found cf9c5e8bb1684430b5abc73e9e7020b7
[2026-09-17 08:48:59] [ERROR] [SERVER] [X-LC-ID-ZgXtk94KekIcAA==] device not found 8d450c794bd047cb92c6d45c7b1e1ac8
[2026-09-17 08:48:59] [ERROR] [SERVER] [X-LC-ID-ZgXtk94KekIcAA==] device not found 8d450c794bd047cb92c6d45c7b1e1ac8
[2026-09-17 08:48:59] [ERROR] [SERVER] [X-LC-ID-ZgXtk94KekIcAA==] device not found 8d450c794bd047cb92c6d45c7b1e1ac8
[2026-09-17 08:48:59] [ERROR] [SERVER] [X-LC-ID-ZgXtk94KekIcAA==] device not found 8d450c794bd047cb92c6d45c7b1e1ac8
[2026-09-17 08:48:59] [ERROR] [SERVER] [X-LC-ID-ZgXtk94KekIcAA==] device not found bb24dd648e204d77bbc9233f38a72ef7
[2026-09-17 08:48:59] [ERROR] [SERVER] [X-LC-ID-ZgXtk94KekIcAA==] device not found bb24dd648e204d77bbc9233f38a72ef7
[2026-09-17 08:48:59] [ERROR] [SERVER] [X-LC-ID-ZgXtk94KekIcAA==] device not found 3201eb6ee8b74709b670e2c2cfa829b2
[2026-09-17 08:48:59] [ERROR] [SERVER] [X-LC-ID-ZgXtk94KekIcAA==] device not found 7eed248cc93a4b9490c7f3269d2bbe19
[2026-09-17 08:48:59] [ERROR] [SERVER] [X-LC-ID-ZgXtk94KekIcAA==] device not found 6d0b719e7bd34c8e8b3b433105463c46
[2026-09-17 08:48:59] [ERROR] [SERVER] [X-LC-ID-ZgXtk94KekIcAA==] device not found 4f70a66695294441a9d95a68cf6c0b04
[2026-09-17 08:48:59] [ERROR] [SERVER] [X-LC-ID-ZgXtk94KekIcAA==] device not found bbf3fb045fba419f83ed1e18075c4189
[2026-09-17 08:48:59] [ERROR] [SERVER] [X-LC-ID-ZgXtk94KekIcAA==] device not found 9c38742267e74cc99cb4b43daf8f5355
[2026-09-17 08:48:59] [ERROR] [SERVER] [X-LC-ID-ZgXtk94KekIcAA==] device not found eff7e71c351249fe8f4e303c8b2b85cc
[2026-09-17 08:48:59] [ERROR] [SERVER] [X-LC-ID-ZgXtk94KekIcAA==] device not found 24f1572ddddb42c2abec3b14b1aeb99f
[2026-09-17 08:48:59] [ERROR] [SERVER] [X-LC-ID-ZgXtk94KekIcAA==] device not found 1152456e4bb34697bfc17842913252f1
[2026-09-17 08:48:59] [ERROR] [SERVER] [X-LC-ID-ZgXtk94KekIcAA==] device not found dc801d7a8953425fb466eee691d69d37
[2026-09-17 08:48:59] [ERROR] [SERVER] [X-LC-ID-ZgXtk94KekIcAA==] device not found 139440e937d84e40b10cbbda322091bc
[2026-09-17 08:48:59] [ERROR] [SERVER] [X-LC-ID-ZgXtk94KekIcAA==] device not found e91d265b5b6141e6a31418fac62344a4
[2026-09-17 08:48:59] [ERROR] [SERVER] [X-LC-ID-ZgXtk94KekIcAA==] device not found b41ccb459dcf41e8b2bb835fee5c7177
[2026-09-17 08:48:59] [ERROR] [SERVER] [X-LC-ID-ZgXtk94KekIcAA==] device not found 0534164f9ab04448b84d379e07ab6876
[2026-09-17 08:48:59] [ERROR] [SERVER] [X-LC-ID-ZgXtk94KekIcAA==] device not found 54d7d6b6acf24d9bba1a605d1f858bb2
[2026-09-17 08:48:59] [ERROR] [SERVER] [X-LC-ID-ZgXtk94KekIcAA==] device not found 926b34d92d0d444eb75988761982ec59
[2026-09-17 08:48:59] [ERROR] [SERVER] [X-LC-ID-ZgXtk94KekIcAA==] device not found 548c86e8e6bb471782069b78e8c67f67
[2026-09-17 08:48:59] [ERROR] [SERVER] [X-LC-ID-ZgXtk94KekIcAA==] device not found 035e6ff02f374c0e9e78a0e542711bab
[2026-09-17 08:48:59] [ERROR] [SERVER] [X-LC-ID-ZgXtk94KekIcAA==] device not found 77e4e58c188a4330a8ecb535773aacb1
[2026-09-17 08:48:59] [ERROR] [SERVER] [X-LC-ID-ZgXtk94KekIcAA==] device not found a713ecdd66cb4532b9de5713fd6b63b5
[2026-09-17 08:48:59] [ERROR] [SERVER] [X-LC-ID-ZgXtk94KekIcAA==] device not found 2e4e71fea06848c9a86eef0ed6338204
[2026-09-17 08:48:59] [ERROR] [SERVER] [X-LC-ID-ZgXtk94KekIcAA==] device not found 8bbb548a2b9a4712be2ebcc9fccc3a1c
[2026-09-17 08:48:59] [ERROR] [SERVER] [X-LC-ID-ZgXtk94KekIcAA==] device not found 1e49409bec974672828f01a773e33450
[2026-09-17 08:48:59] [ERROR] [SERVER] [X-LC-ID-ZgXtk94KekIcAA==] device not found 7dfdb91ec9a24723baca64628d003fcf
[2026-09-17 08:49:34] [WARN] [INIT] auto clear log: C:\Users\User\OneDrive\Documents\EasyEDA-Pro\logs
[2026-09-17 08:49:43] [ERROR] [SERVER] [X-LC-ID-51ejnt4KekKBAA==] device not found cd3216d9bc4f404184cba0f0abf8ab6e
[2026-09-17 08:49:43] [ERROR] [SERVER] [X-LC-ID-51ejnt4KekKBAA==] device not found cf9c5e8bb1684430b5abc73e9e7020b7
[2026-09-17 08:49:43] [ERROR] [SERVER] [X-LC-ID-51ejnt4KekKBAA==] device not found 8d450c794bd047cb92c6d45c7b1e1ac8
[2026-09-17 08:49:43] [ERROR] [SERVER] [X-LC-ID-51ejnt4KekKBAA==] device not found 8d450c794bd047cb92c6d45c7b1e1ac8
[2026-09-17 08:49:43] [ERROR] [SERVER] [X-LC-ID-51ejnt4KekKBAA==] device not found 8d450c794bd047cb92c6d45c7b1e1ac8
[2026-09-17 08:49:43] [ERROR] [SERVER] [X-LC-ID-51ejnt4KekKBAA==] device not found 8d450c794bd047cb92c6d45c7b1e1ac8
[2026-09-17 08:49:43] [ERROR] [SERVER] [X-LC-ID-51ejnt4KekKBAA==] device not found 4f70a66695294441a9d95a68cf6c0b04
[2026-09-17 08:49:43] [ERROR] [SERVER] [X-LC-ID-51ejnt4KekKBAA==] device not found df69b335204f4509a5ae5df5cdc97a14
[2026-09-17 08:49:43] [ERROR] [SERVER] [X-LC-ID-51ejnt4KekKBAA==] device not found 1aa662ca01074dd4b7c59d9ee0ae5ef8
[2026-09-17 08:49:43] [ERROR] [SERVER] [X-LC-ID-51ejnt4KekKBAA==] device not found bbf3fb045fba419f83ed1e18075c4189
[2026-09-17 08:49:43] [ERROR] [SERVER] [X-LC-ID-51ejnt4KekKBAA==] device not found 9c38742267e74cc99cb4b43daf8f5355
[2026-09-17 08:49:43] [ERROR] [SERVER] [X-LC-ID-51ejnt4KekKBAA==] device not found eff7e71c351249fe8f4e303c8b2b85cc
[2026-09-17 08:49:43] [ERROR] [SERVER] [X-LC-ID-51ejnt4KekKBAA==] device not found 24f1572ddddb42c2abec3b14b1aeb99f
[2026-09-17 08:49:43] [ERROR] [SERVER] [X-LC-ID-51ejnt4KekKBAA==] device not found 6073168119a941bda41c330f8b8e9152
[2026-09-17 08:49:43] [ERROR] [SERVER] [X-LC-ID-51ejnt4KekKBAA==] device not found 0317c12649054b9285e3960ac616091e
[2026-09-17 08:49:43] [ERROR] [SERVER] [X-LC-ID-51ejnt4KekKBAA==] device not found b41ccb459dcf41e8b2bb835fee5c7177
[2026-09-17 08:49:43] [ERROR] [SERVER] [X-LC-ID-51ejnt4KekKBAA==] device not found 0534164f9ab04448b84d379e07ab6876
[2026-09-17 08:49:43] [ERROR] [SERVER] [X-LC-ID-51ejnt4KekKBAA==] device not found b160c2e17c784c08a241de4465fca222
[2026-09-17 08:49:43] [ERROR] [SERVER] [X-LC-ID-51ejnt4KekKBAA==] device not found ec5ac45b7e254c1d84a8625935124f1e
[2026-09-17 08:49:43] [ERROR] [SERVER] [X-LC-ID-51ejnt4KekKBAA==] device not found 048aa00cd3204f50a9c01166f298aacc
[2026-09-17 08:49:43] [ERROR] [SERVER] [X-LC-ID-51ejnt4KekKBAA==] device not found e0711572ce7e452eb162b0e04b74277e
[2026-09-17 08:49:43] [ERROR] [SERVER] [X-LC-ID-51ejnt4KekKBAA==] device not found bb24dd648e204d77bbc9233f38a72ef7
[2026-09-17 08:49:43] [ERROR] [SERVER] [X-LC-ID-51ejnt4KekKBAA==] device not found bb24dd648e204d77bbc9233f38a72ef7
[2026-09-17 08:49:43] [ERROR] [SERVER] [X-LC-ID-51ejnt4KekKBAA==] device not found 3201eb6ee8b74709b670e2c2cfa829b2
[2026-09-17 08:49:43] [ERROR] [SERVER] [X-LC-ID-51ejnt4KekKBAA==] device not found 7eed248cc93a4b9490c7f3269d2bbe19
[2026-09-17 08:49:43] [ERROR] [SERVER] [X-LC-ID-51ejnt4KekKBAA==] device not found 6d0b719e7bd34c8e8b3b433105463c46
[2026-09-17 08:49:43] [ERROR] [SERVER] [X-LC-ID-51ejnt4KekKBAA==] device not found 10f51703def24c2c8e15533489a9d404
[2026-09-17 08:49:43] [ERROR] [SERVER] [X-LC-ID-51ejnt4KekKBAA==] device not found b9b752a0be424d8e9fc43121e5cd681c
[2026-09-17 08:49:43] [ERROR] [SERVER] [X-LC-ID-51ejnt4KekKBAA==] device not found 93c829a348834d679d8d8a059ea91636
[2026-09-17 08:49:43] [ERROR] [SERVER] [X-LC-ID-51ejnt4KekKBAA==] device not found 1152456e4bb34697bfc17842913252f1
[2026-09-17 08:49:43] [ERROR] [SERVER] [X-LC-ID-51ejnt4KekKBAA==] device not found dc801d7a8953425fb466eee691d69d37
[2026-09-17 08:49:43] [ERROR] [SERVER] [X-LC-ID-51ejnt4KekKBAA==] device not found 139440e937d84e40b10cbbda322091bc
[2026-09-17 08:49:43] [ERROR] [SERVER] [X-LC-ID-51ejnt4KekKBAA==] device not found e91d265b5b6141e6a31418fac62344a4
[2026-09-17 08:49:43] [ERROR] [SERVER] [X-LC-ID-51ejnt4KekKBAA==] device not found 54d7d6b6acf24d9bba1a605d1f858bb2
[2026-09-17 08:49:43] [ERROR] [SERVER] [X-LC-ID-51ejnt4KekKBAA==] device not found 548c86e8e6bb471782069b78e8c67f67
[2026-09-17 08:49:43] [ERROR] [SERVER] [X-LC-ID-51ejnt4KekKBAA==] device not found 7dfdb91ec9a24723baca64628d003fcf
[2026-09-17 08:49:43] [ERROR] [SERVER] [X-LC-ID-51ejnt4KekKBAA==] device not found 926b34d92d0d444eb75988761982ec59
[2026-09-17 08:49:43] [ERROR] [SERVER] [X-LC-ID-51ejnt4KekKBAA==] device not found 035e6ff02f374c0e9e78a0e542711bab
[2026-09-17 08:49:43] [ERROR] [SERVER] [X-LC-ID-51ejnt4KekKBAA==] device not found 77e4e58c188a4330a8ecb535773aacb1
[2026-09-17 08:49:43] [ERROR] [SERVER] [X-LC-ID-51ejnt4KekKBAA==] device not found a713ecdd66cb4532b9de5713fd6b63b5
[2026-09-17 08:49:43] [ERROR] [SERVER] [X-LC-ID-51ejnt4KekKBAA==] device not found 2e4e71fea06848c9a86eef0ed6338204
[2026-09-17 08:49:43] [ERROR] [SERVER] [X-LC-ID-51ejnt4KekKBAA==] device not found 8bbb548a2b9a4712be2ebcc9fccc3a1c
[2026-09-17 08:49:43] [ERROR] [SERVER] [X-LC-ID-51ejnt4KekKBAA==] device not found 1e49409bec974672828f01a773e33450
[2026-09-17 08:49:46] [ERROR] [SERVER] {"errno":-3008,"code":"ENOTFOUND","syscall":"getaddrinfo","hostname":"www.googletagmanager.com"}
[2026-09-17 08:49:46] [ERROR] [SERVER] [X-LC-ID-52JqnN4KekJIAA==] json api exception {"url":"/gtag/js","error":{"errno":-3008,"code":"ENOTFOUND","syscall":"getaddrinfo","hostname":"www.googletagmanager.com"}}
[2026-09-17 08:49:46] [ERROR] unhandledRejection {"errno":-3008,"code":"ENOTFOUND","syscall":"getaddrinfo","hostname":"www.googletagmanager.com"}
[2026-09-17 08:50:01] [ERROR] unhandledRejection {}
[2026-09-17 08:50:01] [ERROR] unhandledRejection {}
[2026-09-17 08:50:05] [ERROR] [SERVER] [X-LC-ID-C8sKpN4KekJ/AA==] device not found b160c2e17c784c08a241de4465fca222
[2026-09-17 08:50:05] [ERROR] [SERVER] [X-LC-ID-C8sKpN4KekJ/AA==] device not found cf9c5e8bb1684430b5abc73e9e7020b7
[2026-09-17 08:50:05] [ERROR] [SERVER] [X-LC-ID-C8sKpN4KekJ/AA==] device not found 3201eb6ee8b74709b670e2c2cfa829b2
[2026-09-17 08:50:05] [ERROR] [SERVER] [X-LC-ID-C8sKpN4KekJ/AA==] device not found 4f70a66695294441a9d95a68cf6c0b04
[2026-09-17 08:50:05] [ERROR] [SERVER] [X-LC-ID-C8sKpN4KekJ/AA==] device not found ec5ac45b7e254c1d84a8625935124f1e
[2026-09-17 08:50:05] [ERROR] [SERVER] [X-LC-ID-C8sKpN4KekJ/AA==] device not found 048aa00cd3204f50a9c01166f298aacc
[2026-09-17 08:50:05] [ERROR] [SERVER] [X-LC-ID-C8sKpN4KekJ/AA==] device not found e0711572ce7e452eb162b0e04b74277e
[2026-09-17 08:50:05] [ERROR] [SERVER] [X-LC-ID-C8sKpN4KekJ/AA==] device not found cd3216d9bc4f404184cba0f0abf8ab6e
[2026-09-17 08:50:05] [ERROR] [SERVER] [X-LC-ID-C8sKpN4KekJ/AA==] device not found 8d450c794bd047cb92c6d45c7b1e1ac8
[2026-09-17 08:50:05] [ERROR] [SERVER] [X-LC-ID-C8sKpN4KekJ/AA==] device not found 8d450c794bd047cb92c6d45c7b1e1ac8
[2026-09-17 08:50:05] [ERROR] [SERVER] [X-LC-ID-C8sKpN4KekJ/AA==] device not found 8d450c794bd047cb92c6d45c7b1e1ac8
[2026-09-17 08:50:05] [ERROR] [SERVER] [X-LC-ID-C8sKpN4KekJ/AA==] device not found 8d450c794bd047cb92c6d45c7b1e1ac8
[2026-09-17 08:50:05] [ERROR] [SERVER] [X-LC-ID-C8sKpN4KekJ/AA==] device not found bb24dd648e204d77bbc9233f38a72ef7
[2026-09-17 08:50:05] [ERROR] [SERVER] [X-LC-ID-C8sKpN4KekJ/AA==] device not found bb24dd648e204d77bbc9233f38a72ef7
[2026-09-17 08:50:05] [ERROR] [SERVER] [X-LC-ID-C8sKpN4KekJ/AA==] device not found 7eed248cc93a4b9490c7f3269d2bbe19
[2026-09-17 08:50:05] [ERROR] [SERVER] [X-LC-ID-C8sKpN4KekJ/AA==] device not found 6d0b719e7bd34c8e8b3b433105463c46
[2026-09-17 08:50:05] [ERROR] [SERVER] [X-LC-ID-C8sKpN4KekJ/AA==] device not found df69b335204f4509a5ae5df5cdc97a14
[2026-09-17 08:50:05] [ERROR] [SERVER] [X-LC-ID-C8sKpN4KekJ/AA==] device not found 1aa662ca01074dd4b7c59d9ee0ae5ef8
[2026-09-17 08:50:05] [ERROR] [SERVER] [X-LC-ID-C8sKpN4KekJ/AA==] device not found 10f51703def24c2c8e15533489a9d404
[2026-09-17 08:50:05] [ERROR] [SERVER] [X-LC-ID-C8sKpN4KekJ/AA==] device not found b9b752a0be424d8e9fc43121e5cd681c
[2026-09-17 08:50:05] [ERROR] [SERVER] [X-LC-ID-C8sKpN4KekJ/AA==] device not found bbf3fb045fba419f83ed1e18075c4189
[2026-09-17 08:50:05] [ERROR] [SERVER] [X-LC-ID-C8sKpN4KekJ/AA==] device not found 9c38742267e74cc99cb4b43daf8f5355
[2026-09-17 08:50:05] [ERROR] [SERVER] [X-LC-ID-C8sKpN4KekJ/AA==] device not found eff7e71c351249fe8f4e303c8b2b85cc
[2026-09-17 08:50:05] [ERROR] [SERVER] [X-LC-ID-C8sKpN4KekJ/AA==] device not found 24f1572ddddb42c2abec3b14b1aeb99f
[2026-09-17 08:50:05] [ERROR] [SERVER] [X-LC-ID-C8sKpN4KekJ/AA==] device not found 93c829a348834d679d8d8a059ea91636
[2026-09-17 08:50:05] [ERROR] [SERVER] [X-LC-ID-C8sKpN4KekJ/AA==] device not found 1152456e4bb34697bfc17842913252f1
[2026-09-17 08:50:05] [ERROR] [SERVER] [X-LC-ID-C8sKpN4KekJ/AA==] device not found dc801d7a8953425fb466eee691d69d37
[2026-09-17 08:50:05] [ERROR] [SERVER] [X-LC-ID-C8sKpN4KekJ/AA==] device not found 6073168119a941bda41c330f8b8e9152
[2026-09-17 08:50:05] [ERROR] [SERVER] [X-LC-ID-C8sKpN4KekJ/AA==] device not found 139440e937d84e40b10cbbda322091bc
[2026-09-17 08:50:05] [ERROR] [SERVER] [X-LC-ID-C8sKpN4KekJ/AA==] device not found 0317c12649054b9285e3960ac616091e
[2026-09-17 08:50:05] [ERROR] [SERVER] [X-LC-ID-C8sKpN4KekJ/AA==] device not found e91d265b5b6141e6a31418fac62344a4
[2026-09-17 08:50:05] [ERROR] [SERVER] [X-LC-ID-C8sKpN4KekJ/AA==] device not found b41ccb459dcf41e8b2bb835fee5c7177
[2026-09-17 08:50:05] [ERROR] [SERVER] [X-LC-ID-C8sKpN4KekJ/AA==] device not found 0534164f9ab04448b84d379e07ab6876
[2026-09-17 08:50:05] [ERROR] [SERVER] [X-LC-ID-C8sKpN4KekJ/AA==] device not found 54d7d6b6acf24d9bba1a605d1f858bb2
[2026-09-17 08:50:05] [ERROR] [SERVER] [X-LC-ID-C8sKpN4KekJ/AA==] device not found a713ecdd66cb4532b9de5713fd6b63b5
[2026-09-17 08:50:05] [ERROR] [SERVER] [X-LC-ID-C8sKpN4KekJ/AA==] device not found 548c86e8e6bb471782069b78e8c67f67
[2026-09-17 08:50:05] [ERROR] [SERVER] [X-LC-ID-C8sKpN4KekJ/AA==] device not found 926b34d92d0d444eb75988761982ec59
[2026-09-17 08:50:05] [ERROR] [SERVER] [X-LC-ID-C8sKpN4KekJ/AA==] device not found 035e6ff02f374c0e9e78a0e542711bab
[2026-09-17 08:50:05] [ERROR] [SERVER] [X-LC-ID-C8sKpN4KekJ/AA==] device not found 77e4e58c188a4330a8ecb535773aacb1
[2026-09-17 08:50:05] [ERROR] [SERVER] [X-LC-ID-C8sKpN4KekJ/AA==] device not found 2e4e71fea06848c9a86eef0ed6338204
[2026-09-17 08:50:05] [ERROR] [SERVER] [X-LC-ID-C8sKpN4KekJ/AA==] device not found 8bbb548a2b9a4712be2ebcc9fccc3a1c
[2026-09-17 08:50:05] [ERROR] [SERVER] [X-LC-ID-C8sKpN4KekJ/AA==] device not found 1e49409bec974672828f01a773e33450
[2026-09-17 08:50:05] [ERROR] [SERVER] [X-LC-ID-C8sKpN4KekJ/AA==] device not found 7dfdb91ec9a24723baca64628d003fcf
[2026-09-17 08:50:06] [ERROR] unhandledRejection {}
[2026-09-17 08:50:17] [ERROR] unhandledRejection {}
[2026-09-17 08:50:30] [ERROR] [SERVER] [X-LC-ID-VTwyqt4KekJ1AA==] device not found b160c2e17c784c08a241de4465fca222
[2026-09-17 08:50:30] [ERROR] [SERVER] [X-LC-ID-VTwyqt4KekJ1AA==] device not found ec5ac45b7e254c1d84a8625935124f1e
[2026-09-17 08:50:30] [ERROR] [SERVER] [X-LC-ID-VTwyqt4KekJ1AA==] device not found 048aa00cd3204f50a9c01166f298aacc
[2026-09-17 08:50:30] [ERROR] [SERVER] [X-LC-ID-VTwyqt4KekJ1AA==] device not found e0711572ce7e452eb162b0e04b74277e
[2026-09-17 08:50:30] [ERROR] [SERVER] [X-LC-ID-VTwyqt4KekJ1AA==] device not found cd3216d9bc4f404184cba0f0abf8ab6e
[2026-09-17 08:50:30] [ERROR] [SERVER] [X-LC-ID-VTwyqt4KekJ1AA==] device not found cf9c5e8bb1684430b5abc73e9e7020b7
[2026-09-17 08:50:30] [ERROR] [SERVER] [X-LC-ID-VTwyqt4KekJ1AA==] device not found 8d450c794bd047cb92c6d45c7b1e1ac8
[2026-09-17 08:50:30] [ERROR] [SERVER] [X-LC-ID-VTwyqt4KekJ1AA==] device not found 8d450c794bd047cb92c6d45c7b1e1ac8
[2026-09-17 08:50:30] [ERROR] [SERVER] [X-LC-ID-VTwyqt4KekJ1AA==] device not found 8d450c794bd047cb92c6d45c7b1e1ac8
[2026-09-17 08:50:30] [ERROR] [SERVER] [X-LC-ID-VTwyqt4KekJ1AA==] device not found 8d450c794bd047cb92c6d45c7b1e1ac8
[2026-09-17 08:50:30] [ERROR] [SERVER] [X-LC-ID-VTwyqt4KekJ1AA==] device not found bb24dd648e204d77bbc9233f38a72ef7
[2026-09-17 08:50:30] [ERROR] [SERVER] [X-LC-ID-VTwyqt4KekJ1AA==] device not found bb24dd648e204d77bbc9233f38a72ef7
[2026-09-17 08:50:30] [ERROR] [SERVER] [X-LC-ID-VTwyqt4KekJ1AA==] device not found 3201eb6ee8b74709b670e2c2cfa829b2
[2026-09-17 08:50:30] [ERROR] [SERVER] [X-LC-ID-VTwyqt4KekJ1AA==] device not found 7eed248cc93a4b9490c7f3269d2bbe19
[2026-09-17 08:50:30] [ERROR] [SERVER] [X-LC-ID-VTwyqt4KekJ1AA==] device not found 6d0b719e7bd34c8e8b3b433105463c46
[2026-09-17 08:50:30] [ERROR] [SERVER] [X-LC-ID-VTwyqt4KekJ1AA==] device not found 4f70a66695294441a9d95a68cf6c0b04
[2026-09-17 08:50:30] [ERROR] [SERVER] [X-LC-ID-VTwyqt4KekJ1AA==] device not found df69b335204f4509a5ae5df5cdc97a14
[2026-09-17 08:50:30] [ERROR] [SERVER] [X-LC-ID-VTwyqt4KekJ1AA==] device not found 1aa662ca01074dd4b7c59d9ee0ae5ef8
[2026-09-17 08:50:30] [ERROR] [SERVER] [X-LC-ID-VTwyqt4KekJ1AA==] device not found b9b752a0be424d8e9fc43121e5cd681c
[2026-09-17 08:50:30] [ERROR] [SERVER] [X-LC-ID-VTwyqt4KekJ1AA==] device not found 10f51703def24c2c8e15533489a9d404
[2026-09-17 08:50:30] [ERROR] [SERVER] [X-LC-ID-VTwyqt4KekJ1AA==] device not found bbf3fb045fba419f83ed1e18075c4189
[2026-09-17 08:50:30] [ERROR] [SERVER] [X-LC-ID-VTwyqt4KekJ1AA==] device not found 9c38742267e74cc99cb4b43daf8f5355
[2026-09-17 08:50:30] [ERROR] [SERVER] [X-LC-ID-VTwyqt4KekJ1AA==] device not found eff7e71c351249fe8f4e303c8b2b85cc
[2026-09-17 08:50:30] [ERROR] [SERVER] [X-LC-ID-VTwyqt4KekJ1AA==] device not found 24f1572ddddb42c2abec3b14b1aeb99f
[2026-09-17 08:50:30] [ERROR] [SERVER] [X-LC-ID-VTwyqt4KekJ1AA==] device not found 93c829a348834d679d8d8a059ea91636
[2026-09-17 08:50:30] [ERROR] [SERVER] [X-LC-ID-VTwyqt4KekJ1AA==] device not found 1152456e4bb34697bfc17842913252f1
[2026-09-17 08:50:30] [ERROR] [SERVER] [X-LC-ID-VTwyqt4KekJ1AA==] device not found dc801d7a8953425fb466eee691d69d37
[2026-09-17 08:50:30] [ERROR] [SERVER] [X-LC-ID-VTwyqt4KekJ1AA==] device not found 6073168119a941bda41c330f8b8e9152
[2026-09-17 08:50:30] [ERROR] [SERVER] [X-LC-ID-VTwyqt4KekJ1AA==] device not found 139440e937d84e40b10cbbda322091bc
[2026-09-17 08:50:30] [ERROR] [SERVER] [X-LC-ID-VTwyqt4KekJ1AA==] device not found 0317c12649054b9285e3960ac616091e
[2026-09-17 08:50:30] [ERROR] [SERVER] [X-LC-ID-VTwyqt4KekJ1AA==] device not found e91d265b5b6141e6a31418fac62344a4
[2026-09-17 08:50:30] [ERROR] [SERVER] [X-LC-ID-VTwyqt4KekJ1AA==] device not found b41ccb459dcf41e8b2bb835fee5c7177
[2026-09-17 08:50:30] [ERROR] [SERVER] [X-LC-ID-VTwyqt4KekJ1AA==] device not found 0534164f9ab04448b84d379e07ab6876
[2026-09-17 08:50:30] [ERROR] [SERVER] [X-LC-ID-VTwyqt4KekJ1AA==] device not found 54d7d6b6acf24d9bba1a605d1f858bb2
[2026-09-17 08:50:30] [ERROR] [SERVER] [X-LC-ID-VTwyqt4KekJ1AA==] device not found 548c86e8e6bb471782069b78e8c67f67
[2026-09-17 08:50:30] [ERROR] [SERVER] [X-LC-ID-VTwyqt4KekJ1AA==] device not found 926b34d92d0d444eb75988761982ec59
[2026-09-17 08:50:30] [ERROR] [SERVER] [X-LC-ID-VTwyqt4KekJ1AA==] device not found 035e6ff02f374c0e9e78a0e542711bab
[2026-09-17 08:50:30] [ERROR] [SERVER] [X-LC-ID-VTwyqt4KekJ1AA==] device not found 77e4e58c188a4330a8ecb535773aacb1
[2026-09-17 08:50:30] [ERROR] [SERVER] [X-LC-ID-VTwyqt4KekJ1AA==] device not found a713ecdd66cb4532b9de5713fd6b63b5
[2026-09-17 08:50:30] [ERROR] [SERVER] [X-LC-ID-VTwyqt4KekJ1AA==] device not found 2e4e71fea06848c9a86eef0ed6338204
[2026-09-17 08:50:30] [ERROR] [SERVER] [X-LC-ID-VTwyqt4KekJ1AA==] device not found 8bbb548a2b9a4712be2ebcc9fccc3a1c
[2026-09-17 08:50:30] [ERROR] [SERVER] [X-LC-ID-VTwyqt4KekJ1AA==] device not found 1e49409bec974672828f01a773e33450
[2026-09-17 08:50:30] [ERROR] [SERVER] [X-LC-ID-VTwyqt4KekJ1AA==] device not found 7dfdb91ec9a24723baca64628d003fcf
[2026-09-17 08:50:34] [WARN] [INIT] auto clear log: C:\Users\User\OneDrive\Documents\EasyEDA-Pro\logs
[2026-09-17 08:51:34] [WARN] [INIT] auto clear log: C:\Users\User\OneDrive\Documents\EasyEDA-Pro\logs
[2026-09-17 08:52:34] [WARN] [INIT] auto clear log: C:\Users\User\OneDrive\Documents\EasyEDA-Pro\logs
[2026-09-17 08:53:34] [WARN] [INIT] auto clear log: C:\Users\User\OneDrive\Documents\EasyEDA-Pro\logs
[2026-09-17 08:54:34] [WARN] [INIT] auto clear log: C:\Users\User\OneDrive\Documents\EasyEDA-Pro\logs
[2026-09-17 08:55:34] [WARN] [INIT] auto clear log: C:\Users\User\OneDrive\Documents\EasyEDA-Pro\logs
[2026-09-17 08:56:34] [WARN] [INIT] auto clear log: C:\Users\User\OneDrive\Documents\EasyEDA-Pro\logs
[2026-09-17 08:57:34] [WARN] [INIT] auto clear log: C:\Users\User\OneDrive\Documents\EasyEDA-Pro\logs
[2026-09-17 08:58:34] [WARN] [INIT] auto clear log: C:\Users\User\OneDrive\Documents\EasyEDA-Pro\logs
[2026-09-17 08:59:34] [WARN] [INIT] auto clear log: C:\Users\User\OneDrive\Documents\EasyEDA-Pro\logs
[2026-09-17 09:00:34] [WARN] [INIT] auto clear log: C:\Users\User\OneDrive\Documents\EasyEDA-Pro\logs
[2026-09-17 09:01:34] [WARN] [INIT] auto clear log: C:\Users\User\OneDrive\Documents\EasyEDA-Pro\logs
[2026-09-17 09:02:34] [WARN] [INIT] auto clear log: C:\Users\User\OneDrive\Documents\EasyEDA-Pro\logs
[2026-09-17 09:03:34] [WARN] [INIT] auto clear log: C:\Users\User\OneDrive\Documents\EasyEDA-Pro\logs
[2026-09-17 09:04:34] [WARN] [INIT] auto clear log: C:\Users\User\OneDrive\Documents\EasyEDA-Pro\logs
[2026-09-17 09:05:34] [WARN] [INIT] auto clear log: C:\Users\User\OneDrive\Documents\EasyEDA-Pro\logs
[2026-09-17 09:06:34] [WARN] [INIT] auto clear log: C:\Users\User\OneDrive\Documents\EasyEDA-Pro\logs
[2026-09-17 09:07:34] [WARN] [INIT] auto clear log: C:\Users\User\OneDrive\Documents\EasyEDA-Pro\logs
[2026-09-17 09:08:34] [WARN] [INIT] auto clear log: C:\Users\User\OneDrive\Documents\EasyEDA-Pro\logs
[2026-09-17 09:08:42] [ERROR] [SERVER] [X-LC-ID-vUG3tN8KekIYAA==] {"errno":-3008,"code":"ENOTFOUND","syscall":"getaddrinfo","hostname":"pro.easyeda.com"}
[2026-09-17 09:09:34] [WARN] [INIT] auto clear log: C:\Users\User\OneDrive\Documents\EasyEDA-Pro\logs
[2026-09-17 09:10:34] [WARN] [INIT] auto clear log: C:\Users\User\OneDrive\Documents\EasyEDA-Pro\logs
[2026-09-17 09:11:34] [WARN] [INIT] auto clear log: C:\Users\User\OneDrive\Documents\EasyEDA-Pro\logs
[2026-09-17 09:14:51] [WARN] [INIT] auto clear log: C:\Users\User\OneDrive\Documents\EasyEDA-Pro\logs
[2026-09-17 09:14:57] [ERROR] [SERVER] [X-LC-ID-tR9fEOAKekKDAA==] {"errno":-3008,"code":"ENOTFOUND","syscall":"getaddrinfo","hostname":"pro.easyeda.com"}
[2026-09-17 09:15:51] [WARN] [INIT] auto clear log: C:\Users\User\OneDrive\Documents\EasyEDA-Pro\logs
[2026-09-17 09:16:51] [WARN] [INIT] auto clear log: C:\Users\User\OneDrive\Documents\EasyEDA-Pro\logs
[2026-09-17 09:17:51] [WARN] [INIT] auto clear log: C:\Users\User\OneDrive\Documents\EasyEDA-Pro\logs
[2026-09-17 09:18:51] [WARN] [INIT] auto clear log: C:\Users\User\OneDrive\Documents\EasyEDA-Pro\logs
[2026-09-17 09:19:51] [WARN] [INIT] auto clear log: C:\Users\User\OneDrive\Documents\EasyEDA-Pro\logs
[2026-09-17 09:19:57] [ERROR] [SERVER] [X-LC-ID-9hGeWeAKekKTAA==] {"errno":-3008,"code":"ENOTFOUND","syscall":"getaddrinfo","hostname":"pro.easyeda.com"}
[2026-09-17 09:20:51] [WARN] [INIT] auto clear log: C:\Users\User\OneDrive\Documents\EasyEDA-Pro\logs
[2026-09-17 09:21:51] [WARN] [INIT] auto clear log: C:\Users\User\OneDrive\Documents\EasyEDA-Pro\logs
[2026-09-17 09:22:51] [WARN] [INIT] auto clear log: C:\Users\User\OneDrive\Documents\EasyEDA-Pro\logs
[2026-09-17 09:23:51] [WARN] [INIT] auto clear log: C:\Users\User\OneDrive\Documents\EasyEDA-Pro\logs
[2026-09-17 09:24:51] [WARN] [INIT] auto clear log: C:\Users\User\OneDrive\Documents\EasyEDA-Pro\logs
[2026-09-17 09:25:41] [ERROR] [SERVER] [X-LC-ID-5YncouAKekKBAA==] {"errno":-4077,"code":"ECONNRESET","syscall":"read"}
[2026-09-17 09:25:51] [WARN] [INIT] auto clear log: C:\Users\User\OneDrive\Documents\EasyEDA-Pro\logs
[2026-09-17 09:26:51] [WARN] [INIT] auto clear log: C:\Users\User\OneDrive\Documents\EasyEDA-Pro\logs
[2026-09-17 09:27:51] [WARN] [INIT] auto clear log: C:\Users\User\OneDrive\Documents\EasyEDA-Pro\logs
[2026-09-17 09:28:51] [WARN] [INIT] auto clear log: C:\Users\User\OneDrive\Documents\EasyEDA-Pro\logs
[2026-09-17 09:29:51] [WARN] [INIT] auto clear log: C:\Users\User\OneDrive\Documents\EasyEDA-Pro\logs
[2026-09-17 09:30:51] [WARN] [INIT] auto clear log: C:\Users\User\OneDrive\Documents\EasyEDA-Pro\logs
[2026-09-17 09:31:51] [WARN] [INIT] auto clear log: C:\Users\User\OneDrive\Documents\EasyEDA-Pro\logs
[2026-09-17 09:32:51] [WARN] [INIT] auto clear log: C:\Users\User\OneDrive\Documents\EasyEDA-Pro\logs
[2026-09-17 09:33:51] [WARN] [INIT] auto clear log: C:\Users\User\OneDrive\Documents\EasyEDA-Pro\logs
[2026-09-17 09:34:51] [WARN] [INIT] auto clear log: C:\Users\User\OneDrive\Documents\EasyEDA-Pro\logs
[2026-09-17 09:35:51] [WARN] [INIT] auto clear log: C:\Users\User\OneDrive\Documents\EasyEDA-Pro\logs
[2026-09-17 09:36:51] [WARN] [INIT] auto clear log: C:\Users\User\OneDrive\Documents\EasyEDA-Pro\logs
[2026-09-17 09:37:51] [WARN] [INIT] auto clear log: C:\Users\User\OneDrive\Documents\EasyEDA-Pro\logs
[2026-09-17 09:38:51] [WARN] [INIT] auto clear log: C:\Users\User\OneDrive\Documents\EasyEDA-Pro\logs
[2026-09-17 09:39:51] [WARN] [INIT] auto clear log: C:\Users\User\OneDrive\Documents\EasyEDA-Pro\logs
[2026-09-17 09:40:51] [WARN] [INIT] auto clear log: C:\Users\User\OneDrive\Documents\EasyEDA-Pro\logs
[2026-09-17 09:41:51] [WARN] [INIT] auto clear log: C:\Users\User\OneDrive\Documents\EasyEDA-Pro\logs
[2026-09-17 09:42:51] [WARN] [INIT] auto clear log: C:\Users\User\OneDrive\Documents\EasyEDA-Pro\logs
[2026-09-17 09:43:51] [WARN] [INIT] auto clear log: C:\Users\User\OneDrive\Documents\EasyEDA-Pro\logs
[2026-09-17 09:44:51] [WARN] [INIT] auto clear log: C:\Users\User\OneDrive\Documents\EasyEDA-Pro\logs
[2026-09-17 09:45:51] [WARN] [INIT] auto clear log: C:\Users\User\OneDrive\Documents\EasyEDA-Pro\logs
[2026-09-17 09:46:51] [WARN] [INIT] auto clear log: C:\Users\User\OneDrive\Documents\EasyEDA-Pro\logs
[2026-09-17 09:47:51] [WARN] [INIT] auto clear log: C:\Users\User\OneDrive\Documents\EasyEDA-Pro\logs
[2026-09-17 09:48:51] [WARN] [INIT] auto clear log: C:\Users\User\OneDrive\Documents\EasyEDA-Pro\logs
[2026-09-17 09:49:51] [WARN] [INIT] auto clear log: C:\Users\User\OneDrive\Documents\EasyEDA-Pro\logs
[2026-09-17 09:50:51] [WARN] [INIT] auto clear log: C:\Users\User\OneDrive\Documents\EasyEDA-Pro\logs
[2026-09-17 09:51:51] [WARN] [INIT] auto clear log: C:\Users\User\OneDrive\Documents\EasyEDA-Pro\logs
[2026-09-17 09:52:51] [WARN] [INIT] auto clear log: C:\Users\User\OneDrive\Documents\EasyEDA-Pro\logs
[2026-09-17 09:53:51] [WARN] [INIT] auto clear log: C:\Users\User\OneDrive\Documents\EasyEDA-Pro\logs
[2026-09-17 09:54:51] [WARN] [INIT] auto clear log: C:\Users\User\OneDrive\Documents\EasyEDA-Pro\logs
[2026-09-17 09:55:51] [WARN] [INIT] auto clear log: C:\Users\User\OneDrive\Documents\EasyEDA-Pro\logs
[2026-09-17 09:56:51] [WARN] [INIT] auto clear log: C:\Users\User\OneDrive\Documents\EasyEDA-Pro\logs
[2026-09-17 09:57:51] [WARN] [INIT] auto clear log: C:\Users\User\OneDrive\Documents\EasyEDA-Pro\logs
[2026-09-17 09:58:51] [WARN] [INIT] auto clear log: C:\Users\User\OneDrive\Documents\EasyEDA-Pro\logs
[2026-09-17 09:59:51] [WARN] [INIT] auto clear log: C:\Users\User\OneDrive\Documents\EasyEDA-Pro\logs
[2026-09-17 10:00:51] [WARN] [INIT] auto clear log: C:\Users\User\OneDrive\Documents\EasyEDA-Pro\logs
[2026-09-17 10:01:51] [WARN] [INIT] auto clear log: C:\Users\User\OneDrive\Documents\EasyEDA-Pro\logs
[2026-09-17 10:02:51] [WARN] [INIT] auto clear log: C:\Users\User\OneDrive\Documents\EasyEDA-Pro\logs
[2026-09-17 10:03:51] [WARN] [INIT] auto clear log: C:\Users\User\OneDrive\Documents\EasyEDA-Pro\logs
[2026-09-17 10:04:51] [WARN] [INIT] auto clear log: C:\Users\User\OneDrive\Documents\EasyEDA-Pro\logs
[2026-09-17 10:05:51] [WARN] [INIT] auto clear log: C:\Users\User\OneDrive\Documents\EasyEDA-Pro\logs
[2026-09-17 10:06:51] [WARN] [INIT] auto clear log: C:\Users\User\OneDrive\Documents\EasyEDA-Pro\logs
[2026-09-17 10:07:51] [WARN] [INIT] auto clear log: C:\Users\User\OneDrive\Documents\EasyEDA-Pro\logs
[2026-09-17 10:08:51] [WARN] [INIT] auto clear log: C:\Users\User\OneDrive\Documents\EasyEDA-Pro\logs
[2026-09-17 10:09:51] [WARN] [INIT] auto clear log: C:\Users\User\OneDrive\Documents\EasyEDA-Pro\logs
[2026-09-17 10:10:51] [WARN] [INIT] auto clear log: C:\Users\User\OneDrive\Documents\EasyEDA-Pro\logs
[2026-09-17 10:11:51] [WARN] [INIT] auto clear log: C:\Users\User\OneDrive\Documents\EasyEDA-Pro\logs
[2026-09-17 10:12:51] [WARN] [INIT] auto clear log: C:\Users\User\OneDrive\Documents\EasyEDA-Pro\logs
[2026-09-17 10:13:51] [WARN] [INIT] auto clear log: C:\Users\User\OneDrive\Documents\EasyEDA-Pro\logs
[2026-09-17 10:14:51] [WARN] [INIT] auto clear log: C:\Users\User\OneDrive\Documents\EasyEDA-Pro\logs
[2026-09-17 10:15:51] [WARN] [INIT] auto clear log: C:\Users\User\OneDrive\Documents\EasyEDA-Pro\logs
[2026-09-17 10:16:51] [WARN] [INIT] auto clear log: C:\Users\User\OneDrive\Documents\EasyEDA-Pro\logs
[2026-09-17 10:17:51] [WARN] [INIT] auto clear log: C:\Users\User\OneDrive\Documents\EasyEDA-Pro\logs
[2026-09-17 10:18:51] [WARN] [INIT] auto clear log: C:\Users\User\OneDrive\Documents\EasyEDA-Pro\logs
[2026-09-17 10:19:51] [WARN] [INIT] auto clear log: C:\Users\User\OneDrive\Documents\EasyEDA-Pro\logs
[2026-09-17 10:20:51] [WARN] [INIT] auto clear log: C:\Users\User\OneDrive\Documents\EasyEDA-Pro\logs
[2026-09-17 10:21:51] [WARN] [INIT] auto clear log: C:\Users\User\OneDrive\Documents\EasyEDA-Pro\logs
[2026-09-17 10:22:51] [WARN] [INIT] auto clear log: C:\Users\User\OneDrive\Documents\EasyEDA-Pro\logs
[2026-09-17 10:23:51] [WARN] [INIT] auto clear log: C:\Users\User\OneDrive\Documents\EasyEDA-Pro\logs
[2026-09-17 10:24:51] [WARN] [INIT] auto clear log: C:\Users\User\OneDrive\Documents\EasyEDA-Pro\logs
[2026-09-17 10:25:51] [WARN] [INIT] auto clear log: C:\Users\User\OneDrive\Documents\EasyEDA-Pro\logs
[2026-09-17 10:26:51] [WARN] [INIT] auto clear log: C:\Users\User\OneDrive\Documents\EasyEDA-Pro\logs
[2026-09-17 10:27:51] [WARN] [INIT] auto clear log: C:\Users\User\OneDrive\Documents\EasyEDA-Pro\logs
[2026-09-17 10:28:51] [WARN] [INIT] auto clear log: C:\Users\User\OneDrive\Documents\EasyEDA-Pro\logs
[2026-09-17 10:29:51] [WARN] [INIT] auto clear log: C:\Users\User\OneDrive\Documents\EasyEDA-Pro\logs
[2026-09-17 10:30:51] [WARN] [INIT] auto clear log: C:\Users\User\OneDrive\Documents\EasyEDA-Pro\logs
[2026-09-17 10:31:51] [WARN] [INIT] auto clear log: C:\Users\User\OneDrive\Documents\EasyEDA-Pro\logs
[2026-09-17 10:32:51] [WARN] [INIT] auto clear log: C:\Users\User\OneDrive\Documents\EasyEDA-Pro\logs
[2026-09-17 10:33:51] [WARN] [INIT] auto clear log: C:\Users\User\OneDrive\Documents\EasyEDA-Pro\logs
[2026-09-17 10:34:51] [WARN] [INIT] auto clear log: C:\Users\User\OneDrive\Documents\EasyEDA-Pro\logs
[2026-09-17 10:35:51] [WARN] [INIT] auto clear log: C:\Users\User\OneDrive\Documents\EasyEDA-Pro\logs
[2026-09-17 10:36:51] [WARN] [INIT] auto clear log: C:\Users\User\OneDrive\Documents\EasyEDA-Pro\logs
[2026-09-17 10:37:51] [WARN] [INIT] auto clear log: C:\Users\User\OneDrive\Documents\EasyEDA-Pro\logs
[2026-09-17 10:38:51] [WARN] [INIT] auto clear log: C:\Users\User\OneDrive\Documents\EasyEDA-Pro\logs
[2026-09-17 10:39:51] [WARN] [INIT] auto clear log: C:\Users\User\OneDrive\Documents\EasyEDA-Pro\logs
[2026-09-17 10:40:51] [WARN] [INIT] auto clear log: C:\Users\User\OneDrive\Documents\EasyEDA-Pro\logs
[2026-09-17 10:41:51] [WARN] [INIT] auto clear log: C:\Users\User\OneDrive\Documents\EasyEDA-Pro\logs
[2026-09-17 10:42:51] [WARN] [INIT] auto clear log: C:\Users\User\OneDrive\Documents\EasyEDA-Pro\logs
[2026-09-17 10:43:51] [WARN] [INIT] auto clear log: C:\Users\User\OneDrive\Documents\EasyEDA-Pro\logs
[2026-09-17 10:44:51] [WARN] [INIT] auto clear log: C:\Users\User\OneDrive\Documents\EasyEDA-Pro\logs
[2026-09-17 10:45:51] [WARN] [INIT] auto clear log: C:\Users\User\OneDrive\Documents\EasyEDA-Pro\logs
[2026-09-17 10:46:51] [WARN] [INIT] auto clear log: C:\Users\User\OneDrive\Documents\EasyEDA-Pro\logs
[2026-09-17 10:47:51] [WARN] [INIT] auto clear log: C:\Users\User\OneDrive\Documents\EasyEDA-Pro\logs
[2026-09-17 10:48:52] [WARN] [INIT] auto clear log: C:\Users\User\OneDrive\Documents\EasyEDA-Pro\logs
[2026-09-17 10:49:52] [WARN] [INIT] auto clear log: C:\Users\User\OneDrive\Documents\EasyEDA-Pro\logs
[2026-09-17 10:50:52] [WARN] [INIT] auto clear log: C:\Users\User\OneDrive\Documents\EasyEDA-Pro\logs
[2026-09-17 10:51:52] [WARN] [INIT] auto clear log: C:\Users\User\OneDrive\Documents\EasyEDA-Pro\logs
[2026-09-17 10:52:52] [WARN] [INIT] auto clear log: C:\Users\User\OneDrive\Documents\EasyEDA-Pro\logs
[2026-09-17 10:53:52] [WARN] [INIT] auto clear log: C:\Users\User\OneDrive\Documents\EasyEDA-Pro\logs
[2026-09-17 10:54:52] [WARN] [INIT] auto clear log: C:\Users\User\OneDrive\Documents\EasyEDA-Pro\logs
[2026-09-17 10:55:52] [WARN] [INIT] auto clear log: C:\Users\User\OneDrive\Documents\EasyEDA-Pro\logs
[2026-09-17 10:56:52] [WARN] [INIT] auto clear log: C:\Users\User\OneDrive\Documents\EasyEDA-Pro\logs
[2026-09-17 10:57:52] [WARN] [INIT] auto clear log: C:\Users\User\OneDrive\Documents\EasyEDA-Pro\logs
[2026-09-17 10:58:52] [WARN] [INIT] auto clear log: C:\Users\User\OneDrive\Documents\EasyEDA-Pro\logs
[2026-09-17 10:59:52] [WARN] [INIT] auto clear log: C:\Users\User\OneDrive\Documents\EasyEDA-Pro\logs
[2026-09-17 11:00:52] [WARN] [INIT] auto clear log: C:\Users\User\OneDrive\Documents\EasyEDA-Pro\logs
[2026-09-17 11:01:52] [WARN] [INIT] auto clear log: C:\Users\User\OneDrive\Documents\EasyEDA-Pro\logs
[2026-09-17 11:02:52] [WARN] [INIT] auto clear log: C:\Users\User\OneDrive\Documents\EasyEDA-Pro\logs
[2026-09-17 11:03:52] [WARN] [INIT] auto clear log: C:\Users\User\OneDrive\Documents\EasyEDA-Pro\logs
[2026-09-17 11:04:52] [WARN] [INIT] auto clear log: C:\Users\User\OneDrive\Documents\EasyEDA-Pro\logs
[2026-09-17 11:05:52] [WARN] [INIT] auto clear log: C:\Users\User\OneDrive\Documents\EasyEDA-Pro\logs
[2026-09-17 11:06:52] [WARN] [INIT] auto clear log: C:\Users\User\OneDrive\Documents\EasyEDA-Pro\logs
[2026-09-17 11:07:52] [WARN] [INIT] auto clear log: C:\Users\User\OneDrive\Documents\EasyEDA-Pro\logs
[2026-09-17 11:08:52] [WARN] [INIT] auto clear log: C:\Users\User\OneDrive\Documents\EasyEDA-Pro\logs
[2026-09-17 11:09:52] [WARN] [INIT] auto clear log: C:\Users\User\OneDrive\Documents\EasyEDA-Pro\logs
[2026-09-17 11:10:52] [WARN] [INIT] auto clear log: C:\Users\User\OneDrive\Documents\EasyEDA-Pro\logs
[2026-09-17 11:11:52] [WARN] [INIT] auto clear log: C:\Users\User\OneDrive\Documents\EasyEDA-Pro\logs
[2026-09-17 11:12:52] [WARN] [INIT] auto clear log: C:\Users\User\OneDrive\Documents\EasyEDA-Pro\logs
[2026-09-17 11:13:52] [WARN] [INIT] auto clear log: C:\Users\User\OneDrive\Documents\EasyEDA-Pro\logs
[2026-09-17 11:14:52] [WARN] [INIT] auto clear log: C:\Users\User\OneDrive\Documents\EasyEDA-Pro\logs
[2026-09-17 11:15:52] [WARN] [INIT] auto clear log: C:\Users\User\OneDrive\Documents\EasyEDA-Pro\logs
[2026-09-17 11:16:52] [WARN] [INIT] auto clear log: C:\Users\User\OneDrive\Documents\EasyEDA-Pro\logs
[2026-09-17 11:17:52] [WARN] [INIT] auto clear log: C:\Users\User\OneDrive\Documents\EasyEDA-Pro\logs
[2026-09-17 11:18:52] [WARN] [INIT] auto clear log: C:\Users\User\OneDrive\Documents\EasyEDA-Pro\logs
[2026-09-17 11:19:52] [WARN] [INIT] auto clear log: C:\Users\User\OneDrive\Documents\EasyEDA-Pro\logs
[2026-09-17 11:20:52] [WARN] [INIT] auto clear log: C:\Users\User\OneDrive\Documents\EasyEDA-Pro\logs
[2026-09-17 11:21:52] [WARN] [INIT] auto clear log: C:\Users\User\OneDrive\Documents\EasyEDA-Pro\logs
[2026-09-17 11:22:52] [WARN] [INIT] auto clear log: C:\Users\User\OneDrive\Documents\EasyEDA-Pro\logs
[2026-09-17 11:23:52] [WARN] [INIT] auto clear log: C:\Users\User\OneDrive\Documents\EasyEDA-Pro\logs
[2026-09-17 11:24:52] [WARN] [INIT] auto clear log: C:\Users\User\OneDrive\Documents\EasyEDA-Pro\logs
[2026-09-17 11:25:52] [WARN] [INIT] auto clear log: C:\Users\User\OneDrive\Documents\EasyEDA-Pro\logs
[2026-09-17 11:26:52] [WARN] [INIT] auto clear log: C:\Users\User\OneDrive\Documents\EasyEDA-Pro\logs
[2026-09-17 11:27:52] [WARN] [INIT] auto clear log: C:\Users\User\OneDrive\Documents\EasyEDA-Pro\logs
[2026-09-17 11:28:52] [WARN] [INIT] auto clear log: C:\Users\User\OneDrive\Documents\EasyEDA-Pro\logs
[2026-09-17 11:29:45] [ERROR] unhandledRejection {}
[2026-09-17 11:29:45] [ERROR] unhandledRejection {}
[2026-09-17 11:29:49] [ERROR] unhandledRejection {}
[2026-09-17 11:30:38] [WARN] [INIT] auto clear log: C:\Users\User\OneDrive\Documents\EasyEDA-Pro\logs
[2026-09-17 11:31:38] [WARN] [INIT] auto clear log: C:\Users\User\OneDrive\Documents\EasyEDA-Pro\logs
[2026-09-17 11:32:38] [WARN] [INIT] auto clear log: C:\Users\User\OneDrive\Documents\EasyEDA-Pro\logs
[2026-09-17 11:33:38] [WARN] [INIT] auto clear log: C:\Users\User\OneDrive\Documents\EasyEDA-Pro\logs
[2026-09-17 11:34:38] [WARN] [INIT] auto clear log: C:\Users\User\OneDrive\Documents\EasyEDA-Pro\logs
[2026-09-17 11:35:38] [WARN] [INIT] auto clear log: C:\Users\User\OneDrive\Documents\EasyEDA-Pro\logs
[2026-09-17 11:36:38] [WARN] [INIT] auto clear log: C:\Users\User\OneDrive\Documents\EasyEDA-Pro\logs
[2026-09-17 11:37:38] [WARN] [INIT] auto clear log: C:\Users\User\OneDrive\Documents\EasyEDA-Pro\logs
[2026-09-17 11:38:38] [WARN] [INIT] auto clear log: C:\Users\User\OneDrive\Documents\EasyEDA-Pro\logs
[2026-09-17 11:39:38] [WARN] [INIT] auto clear log: C:\Users\User\OneDrive\Documents\EasyEDA-Pro\logs
[2026-09-17 11:39:43] [ERROR] [SERVER] [X-LC-ID-kpTwWOgKekKxAA==] {"errno":-3008,"code":"ENOTFOUND","syscall":"getaddrinfo","hostname":"pro.easyeda.com"}
[2026-09-17 11:40:38] [WARN] [INIT] auto clear log: C:\Users\User\OneDrive\Documents\EasyEDA-Pro\logs
[2026-09-17 11:41:38] [WARN] [INIT] auto clear log: C:\Users\User\OneDrive\Documents\EasyEDA-Pro\logs
[2026-09-17 11:42:38] [WARN] [INIT] auto clear log: C:\Users\User\OneDrive\Documents\EasyEDA-Pro\logs
[2026-09-17 11:43:38] [WARN] [INIT] auto clear log: C:\Users\User\OneDrive\Documents\EasyEDA-Pro\logs
[2026-09-17 11:44:38] [WARN] [INIT] auto clear log: C:\Users\User\OneDrive\Documents\EasyEDA-Pro\logs
[2026-09-17 11:44:43] [ERROR] [SERVER] [X-LC-ID-Ne8uougKekLwAA==] {"errno":-3008,"code":"ENOTFOUND","syscall":"getaddrinfo","hostname":"pro.easyeda.com"}
[2026-09-17 11:45:38] [WARN] [INIT] auto clear log: C:\Users\User\OneDrive\Documents\EasyEDA-Pro\logs
[2026-09-17 11:46:38] [WARN] [INIT] auto clear log: C:\Users\User\OneDrive\Documents\EasyEDA-Pro\logs
[2026-09-17 11:47:38] [WARN] [INIT] auto clear log: C:\Users\User\OneDrive\Documents\EasyEDA-Pro\logs
[2026-09-17 11:48:38] [WARN] [INIT] auto clear log: C:\Users\User\OneDrive\Documents\EasyEDA-Pro\logs
[2026-09-17 11:49:38] [WARN] [INIT] auto clear log: C:\Users\User\OneDrive\Documents\EasyEDA-Pro\logs
[2026-09-17 11:49:43] [ERROR] [SERVER] [X-LC-ID-qB5t6+gKekJwAA==] {"errno":-3008,"code":"ENOTFOUND","syscall":"getaddrinfo","hostname":"pro.easyeda.com"}
[2026-09-17 11:50:38] [WARN] [INIT] auto clear log: C:\Users\User\OneDrive\Documents\EasyEDA-Pro\logs
[2026-09-17 11:51:38] [WARN] [INIT] auto clear log: C:\Users\User\OneDrive\Documents\EasyEDA-Pro\logs
[2026-09-17 11:52:38] [WARN] [INIT] auto clear log: C:\Users\User\OneDrive\Documents\EasyEDA-Pro\logs
[2026-09-17 11:53:38] [WARN] [INIT] auto clear log: C:\Users\User\OneDrive\Documents\EasyEDA-Pro\logs
[2026-09-17 11:54:38] [WARN] [INIT] auto clear log: C:\Users\User\OneDrive\Documents\EasyEDA-Pro\logs
[2026-09-17 11:54:43] [ERROR] [SERVER] [X-LC-ID-VnKrNOkKekI7AA==] {"errno":-3008,"code":"ENOTFOUND","syscall":"getaddrinfo","hostname":"pro.easyeda.com"}
[2026-09-17 11:55:39] [WARN] [INIT] auto clear log: C:\Users\User\OneDrive\Documents\EasyEDA-Pro\logs
[2026-09-17 11:56:39] [WARN] [INIT] auto clear log: C:\Users\User\OneDrive\Documents\EasyEDA-Pro\logs
[2026-09-17 11:57:39] [WARN] [INIT] auto clear log: C:\Users\User\OneDrive\Documents\EasyEDA-Pro\logs
[2026-09-17 11:58:39] [WARN] [INIT] auto clear log: C:\Users\User\OneDrive\Documents\EasyEDA-Pro\logs
[2026-09-17 11:59:39] [WARN] [INIT] auto clear log: C:\Users\User\OneDrive\Documents\EasyEDA-Pro\logs
[2026-09-17 11:59:43] [ERROR] [SERVER] [X-LC-ID-tFjpfekKekLNAA==] {"errno":-3008,"code":"ENOTFOUND","syscall":"getaddrinfo","hostname":"pro.easyeda.com"}
[2026-09-17 12:00:39] [WARN] [INIT] auto clear log: C:\Users\User\OneDrive\Documents\EasyEDA-Pro\logs
[2026-09-17 12:01:39] [WARN] [INIT] auto clear log: C:\Users\User\OneDrive\Documents\EasyEDA-Pro\logs
[2026-09-17 12:02:39] [WARN] [INIT] auto clear log: C:\Users\User\OneDrive\Documents\EasyEDA-Pro\logs
[2026-09-17 12:03:39] [WARN] [INIT] auto clear log: C:\Users\User\OneDrive\Documents\EasyEDA-Pro\logs
[2026-09-17 12:04:39] [WARN] [INIT] auto clear log: C:\Users\User\OneDrive\Documents\EasyEDA-Pro\logs
[2026-09-17 12:04:43] [ERROR] [SERVER] [X-LC-ID-EFEnx+kKekIsAA==] {"errno":-3008,"code":"ENOTFOUND","syscall":"getaddrinfo","hostname":"pro.easyeda.com"}
[2026-09-17 12:05:39] [WARN] [INIT] auto clear log: C:\Users\User\OneDrive\Documents\EasyEDA-Pro\logs
[2026-09-17 12:06:13] [ERROR] [SERVER] [X-LC-ID-Ph/83OkKekJFAA==] {"errno":-3008,"code":"ENOTFOUND","syscall":"getaddrinfo","hostname":"pro.easyeda.com"}
[2026-09-17 12:06:39] [WARN] [INIT] auto clear log: C:\Users\User\OneDrive\Documents\EasyEDA-Pro\logs
[2026-09-17 12:06:59] [ERROR] unhandledRejection {"errno":8,"code":"SQLITE_READONLY"}
[2026-09-17 12:07:02] [ERROR] [SERVER] {"errno":-3008,"code":"ENOTFOUND","syscall":"getaddrinfo","hostname":"www.googletagmanager.com"}
[2026-09-17 12:07:02] [ERROR] [SERVER] [X-LC-ID-dNQQ6ekKekIyAA==] json api exception {"url":"/gtag/js","error":{"errno":-3008,"code":"ENOTFOUND","syscall":"getaddrinfo","hostname":"www.googletagmanager.com"}}
[2026-09-17 12:07:02] [ERROR] unhandledRejection {"errno":-3008,"code":"ENOTFOUND","syscall":"getaddrinfo","hostname":"www.googletagmanager.com"}
[2026-09-17 12:07:03] [ERROR] [SERVER] [X-LC-ID-SJxc6ekKekI/AA==] {"errno":-3008,"code":"ENOTFOUND","syscall":"getaddrinfo","hostname":"pro.easyeda.com"}
[2026-09-17 12:07:04] [ERROR] [SERVER] [X-LC-ID-Gmht6ekKekIRAA==] {"errno":-3008,"code":"ENOTFOUND","syscall":"getaddrinfo","hostname":"pro.easyeda.com"}
[2026-09-17 12:07:04] [ERROR] [SERVER] [X-LC-ID-sAaS6ekKekIUAA==] {"errno":-3008,"code":"ENOTFOUND","syscall":"getaddrinfo","hostname":"pro.easyeda.com"}
[2026-09-17 12:07:05] [ERROR] [SERVER] [X-LC-ID-Y8rA6ekKekK/AA==] {"errno":-3008,"code":"ENOTFOUND","syscall":"getaddrinfo","hostname":"pro.easyeda.com"}
[2026-09-17 12:07:05] [ERROR] [SERVER] [X-LC-ID-p6jL6ekKekKvAA==] {"errno":-3008,"code":"ENOTFOUND","syscall":"getaddrinfo","hostname":"pro.easyeda.com"}
[2026-09-17 12:07:06] [ERROR] [SERVER] [X-LC-ID-FIsD6ukKekKGAA==] {"errno":-3008,"code":"ENOTFOUND","syscall":"getaddrinfo","hostname":"pro.easyeda.com"}
[2026-09-17 12:07:09] [ERROR] [SERVER] [X-LC-ID-Zkra6ukKekLGAA==] device not found b160c2e17c784c08a241de4465fca222
[2026-09-17 12:07:09] [ERROR] [SERVER] [X-LC-ID-Zkra6ukKekLGAA==] device not found ec5ac45b7e254c1d84a8625935124f1e
[2026-09-17 12:07:09] [ERROR] [SERVER] [X-LC-ID-Zkra6ukKekLGAA==] device not found 048aa00cd3204f50a9c01166f298aacc
[2026-09-17 12:07:09] [ERROR] [SERVER] [X-LC-ID-Zkra6ukKekLGAA==] device not found e0711572ce7e452eb162b0e04b74277e
[2026-09-17 12:07:09] [ERROR] [SERVER] [X-LC-ID-Zkra6ukKekLGAA==] device not found cd3216d9bc4f404184cba0f0abf8ab6e
[2026-09-17 12:07:09] [ERROR] [SERVER] [X-LC-ID-Zkra6ukKekLGAA==] device not found cf9c5e8bb1684430b5abc73e9e7020b7
[2026-09-17 12:07:09] [ERROR] [SERVER] [X-LC-ID-Zkra6ukKekLGAA==] device not found 8d450c794bd047cb92c6d45c7b1e1ac8
[2026-09-17 12:07:09] [ERROR] [SERVER] [X-LC-ID-Zkra6ukKekLGAA==] device not found 8d450c794bd047cb92c6d45c7b1e1ac8
[2026-09-17 12:07:09] [ERROR] [SERVER] [X-LC-ID-Zkra6ukKekLGAA==] device not found 8d450c794bd047cb92c6d45c7b1e1ac8
[2026-09-17 12:07:09] [ERROR] [SERVER] [X-LC-ID-Zkra6ukKekLGAA==] device not found 8d450c794bd047cb92c6d45c7b1e1ac8
[2026-09-17 12:07:09] [ERROR] [SERVER] [X-LC-ID-Zkra6ukKekLGAA==] device not found bb24dd648e204d77bbc9233f38a72ef7
[2026-09-17 12:07:09] [ERROR] [SERVER] [X-LC-ID-Zkra6ukKekLGAA==] device not found bb24dd648e204d77bbc9233f38a72ef7
[2026-09-17 12:07:09] [ERROR] [SERVER] [X-LC-ID-Zkra6ukKekLGAA==] device not found 3201eb6ee8b74709b670e2c2cfa829b2
[2026-09-17 12:07:09] [ERROR] [SERVER] [X-LC-ID-Zkra6ukKekLGAA==] device not found 7eed248cc93a4b9490c7f3269d2bbe19
[2026-09-17 12:07:09] [ERROR] [SERVER] [X-LC-ID-Zkra6ukKekLGAA==] device not found 6d0b719e7bd34c8e8b3b433105463c46
[2026-09-17 12:07:09] [ERROR] [SERVER] [X-LC-ID-Zkra6ukKekLGAA==] device not found 4f70a66695294441a9d95a68cf6c0b04
[2026-09-17 12:07:09] [ERROR] [SERVER] [X-LC-ID-Zkra6ukKekLGAA==] device not found df69b335204f4509a5ae5df5cdc97a14
[2026-09-17 12:07:09] [ERROR] [SERVER] [X-LC-ID-Zkra6ukKekLGAA==] device not found 1aa662ca01074dd4b7c59d9ee0ae5ef8
[2026-09-17 12:07:09] [ERROR] [SERVER] [X-LC-ID-Zkra6ukKekLGAA==] device not found 10f51703def24c2c8e15533489a9d404
[2026-09-17 12:07:09] [ERROR] [SERVER] [X-LC-ID-Zkra6ukKekLGAA==] device not found b9b752a0be424d8e9fc43121e5cd681c
[2026-09-17 12:07:09] [ERROR] [SERVER] [X-LC-ID-Zkra6ukKekLGAA==] device not found bbf3fb045fba419f83ed1e18075c4189
[2026-09-17 12:07:09] [ERROR] [SERVER] [X-LC-ID-Zkra6ukKekLGAA==] device not found 9c38742267e74cc99cb4b43daf8f5355
[2026-09-17 12:07:09] [ERROR] [SERVER] [X-LC-ID-Zkra6ukKekLGAA==] device not found eff7e71c351249fe8f4e303c8b2b85cc
[2026-09-17 12:07:09] [ERROR] [SERVER] [X-LC-ID-Zkra6ukKekLGAA==] device not found 24f1572ddddb42c2abec3b14b1aeb99f
[2026-09-17 12:07:09] [ERROR] [SERVER] [X-LC-ID-Zkra6ukKekLGAA==] device not found 93c829a348834d679d8d8a059ea91636
[2026-09-17 12:07:09] [ERROR] [SERVER] [X-LC-ID-Zkra6ukKekLGAA==] device not found 1152456e4bb34697bfc17842913252f1
[2026-09-17 12:07:09] [ERROR] [SERVER] [X-LC-ID-Zkra6ukKekLGAA==] device not found dc801d7a8953425fb466eee691d69d37
[2026-09-17 12:07:09] [ERROR] [SERVER] [X-LC-ID-Zkra6ukKekLGAA==] device not found 6073168119a941bda41c330f8b8e9152
[2026-09-17 12:07:09] [ERROR] [SERVER] [X-LC-ID-Zkra6ukKekLGAA==] device not found 139440e937d84e40b10cbbda322091bc
[2026-09-17 12:07:09] [ERROR] [SERVER] [X-LC-ID-Zkra6ukKekLGAA==] device not found 0317c12649054b9285e3960ac616091e
[2026-09-17 12:07:09] [ERROR] [SERVER] [X-LC-ID-Zkra6ukKekLGAA==] device not found e91d265b5b6141e6a31418fac62344a4
[2026-09-17 12:07:09] [ERROR] [SERVER] [X-LC-ID-Zkra6ukKekLGAA==] device not found b41ccb459dcf41e8b2bb835fee5c7177
[2026-09-17 12:07:09] [ERROR] [SERVER] [X-LC-ID-Zkra6ukKekLGAA==] device not found 0534164f9ab04448b84d379e07ab6876
[2026-09-17 12:07:09] [ERROR] [SERVER] [X-LC-ID-Zkra6ukKekLGAA==] device not found 54d7d6b6acf24d9bba1a605d1f858bb2
[2026-09-17 12:07:09] [ERROR] [SERVER] [X-LC-ID-Zkra6ukKekLGAA==] device not found 548c86e8e6bb471782069b78e8c67f67
[2026-09-17 12:07:09] [ERROR] [SERVER] [X-LC-ID-Zkra6ukKekLGAA==] device not found 926b34d92d0d444eb75988761982ec59
[2026-09-17 12:07:09] [ERROR] [SERVER] [X-LC-ID-Zkra6ukKekLGAA==] device not found 035e6ff02f374c0e9e78a0e542711bab
[2026-09-17 12:07:09] [ERROR] [SERVER] [X-LC-ID-Zkra6ukKekLGAA==] device not found 77e4e58c188a4330a8ecb535773aacb1
[2026-09-17 12:07:09] [ERROR] [SERVER] [X-LC-ID-Zkra6ukKekLGAA==] device not found a713ecdd66cb4532b9de5713fd6b63b5
[2026-09-17 12:07:09] [ERROR] [SERVER] [X-LC-ID-Zkra6ukKekLGAA==] device not found 2e4e71fea06848c9a86eef0ed6338204
[2026-09-17 12:07:09] [ERROR] [SERVER] [X-LC-ID-Zkra6ukKekLGAA==] device not found 8bbb548a2b9a4712be2ebcc9fccc3a1c
[2026-09-17 12:07:09] [ERROR] [SERVER] [X-LC-ID-Zkra6ukKekLGAA==] device not found 1e49409bec974672828f01a773e33450
[2026-09-17 12:07:09] [ERROR] [SERVER] [X-LC-ID-Zkra6ukKekLGAA==] device not found 7dfdb91ec9a24723baca64628d003fcf
[2026-09-17 12:07:59] [WARN] [INIT] auto clear log: C:\Users\User\OneDrive\Documents\EasyEDA-Pro\logs
[2026-09-17 12:08:45] [ERROR] unhandledRejection {}
[2026-09-17 12:08:45] [ERROR] unhandledRejection {}
[2026-09-17 12:08:45] [ERROR] [SERVER] [X-LC-ID-UBJKAuoKekJtAA==] device not found a99f4b50c6a2419592e1a2fac0b15851
[2026-09-17 12:08:45] [ERROR] [SERVER] [X-LC-ID-UBJKAuoKekJtAA==] device not found 89dfbc6310604a4d9c1c405dae02b9f2
[2026-09-17 12:08:45] [ERROR] [SERVER] [X-LC-ID-UBJKAuoKekJtAA==] device not found e43e31ffbc97423b9c9d06e01845a04b
[2026-09-17 12:08:45] [ERROR] [SERVER] [X-LC-ID-UBJKAuoKekJtAA==] device not found cc672672d7f1461b8f40c357e248736d
[2026-09-17 12:08:45] [ERROR] [SERVER] [X-LC-ID-UBJKAuoKekJtAA==] device not found 1353745da40045a9a22f3948afd56824
[2026-09-17 12:08:45] [ERROR] [SERVER] [X-LC-ID-UBJKAuoKekJtAA==] device not found ec87ea345a504c51a2c52fc374dfa2b1
[2026-09-17 12:08:45] [ERROR] [SERVER] [X-LC-ID-UBJKAuoKekJtAA==] device not found 5798933f03264544af4921eb1335334c
[2026-09-17 12:08:45] [ERROR] [SERVER] [X-LC-ID-UBJKAuoKekJtAA==] device not found eff7e71c351249fe8f4e303c8b2b85cc
[2026-09-17 12:08:45] [ERROR] [SERVER] [X-LC-ID-UBJKAuoKekJtAA==] device not found 3d71773431f84729920e911ea1bec373
[2026-09-17 12:08:45] [ERROR] [SERVER] [X-LC-ID-UBJKAuoKekJtAA==] device not found d3dfa90508f0495da564445c823292b7
[2026-09-17 12:08:45] [ERROR] [SERVER] [X-LC-ID-UBJKAuoKekJtAA==] device not found 71f9a691f43c4d72b558dbd7b03e22cb
[2026-09-17 12:08:45] [ERROR] [SERVER] [X-LC-ID-UBJKAuoKekJtAA==] device not found 827426d8f2e4457da000b9570bdca92c
[2026-09-17 12:08:45] [ERROR] [SERVER] [X-LC-ID-UBJKAuoKekJtAA==] device not found 9ff2358ce1ae43c4a9d4c65c967f9e57
[2026-09-17 12:08:45] [ERROR] [SERVER] [X-LC-ID-UBJKAuoKekJtAA==] device not found 0a87dba100834c9fa6fafe6299fd095c
[2026-09-17 12:08:45] [ERROR] [SERVER] [X-LC-ID-UBJKAuoKekJtAA==] device not found 355cb6d818b345d0a0e5456216136b03
[2026-09-17 12:08:45] [ERROR] [SERVER] [X-LC-ID-UBJKAuoKekJtAA==] device not found 52acff36d2ee4c7b9e54fe9aa66351b0
[2026-09-17 12:08:45] [ERROR] [SERVER] [X-LC-ID-UBJKAuoKekJtAA==] device not found ceec59c786504a88a614ed83ae3f6829
[2026-09-17 12:08:45] [ERROR] [SERVER] [X-LC-ID-UBJKAuoKekJtAA==] device not found ba84837503474e0ca0fee4d0c0713014
[2026-09-17 12:08:45] [ERROR] [SERVER] [X-LC-ID-UBJKAuoKekJtAA==] device not found a0d491992060434ba666817338ad9a2b
[2026-09-17 12:08:45] [ERROR] [SERVER] [X-LC-ID-UBJKAuoKekJtAA==] device not found 124936fb079946a9b912782e158f6c0c
[2026-09-17 12:08:45] [ERROR] [SERVER] [X-LC-ID-UBJKAuoKekJtAA==] device not found b9e017ee863d49ac9c091ad482d81487
[2026-09-17 12:08:45] [ERROR] [SERVER] [X-LC-ID-UBJKAuoKekJtAA==] device not found 8c6495bdcb4e41bda07eb350aa2a32ed
[2026-09-17 12:08:45] [ERROR] [SERVER] [X-LC-ID-UBJKAuoKekJtAA==] device not found eece7d045a1d49809853cb427384e7e6
[2026-09-17 12:08:45] [ERROR] [SERVER] [X-LC-ID-UBJKAuoKekJtAA==] device not found 16bd95b47198422cbbf6b18b88fd39c2
[2026-09-17 12:08:45] [ERROR] [SERVER] [X-LC-ID-UBJKAuoKekJtAA==] device not found 9c63f6ed3fed45d8ad7ba09146d760fb
[2026-09-17 12:08:45] [ERROR] [SERVER] [X-LC-ID-UBJKAuoKekJtAA==] device not found 18a85bfb98844aa8a6048ce2e5bdd444
[2026-09-17 12:08:45] [ERROR] [SERVER] [X-LC-ID-UBJKAuoKekJtAA==] device not found 75f66ba47c38423289951b073645119d
[2026-09-17 12:08:45] [ERROR] [SERVER] [X-LC-ID-UBJKAuoKekJtAA==] device not found 10d7b106181b4f9fa047bd19525dae26
[2026-09-17 12:08:45] [ERROR] [SERVER] [X-LC-ID-UBJKAuoKekJtAA==] device not found c7c2d2764b2b40cdbda965309fe5b80f
[2026-09-17 12:08:45] [ERROR] [SERVER] [X-LC-ID-UBJKAuoKekJtAA==] device not found e378fca178bf4248b6f831a6c424a053
[2026-09-17 12:08:45] [ERROR] [SERVER] [X-LC-ID-UBJKAuoKekJtAA==] device not found a37ed1d779714ab4aa501017f1f59540
[2026-09-17 12:08:45] [ERROR] [SERVER] [X-LC-ID-UBJKAuoKekJtAA==] device not found 187d5698065c4e4ca7c401f88d34ea26
[2026-09-17 12:08:45] [ERROR] [SERVER] [X-LC-ID-UBJKAuoKekJtAA==] device not found 8d05ab427a6041b39e0205ede1e4a769
[2026-09-17 12:08:45] [ERROR] [SERVER] [X-LC-ID-UBJKAuoKekJtAA==] device not found 0e7d3e8e8e034120a00b50a69b3f319f
[2026-09-17 12:08:45] [ERROR] [SERVER] [X-LC-ID-UBJKAuoKekJtAA==] device not found e0c80ab6523c47b0a736bd28cb72473f
[2026-09-17 12:08:45] [ERROR] [SERVER] [X-LC-ID-UBJKAuoKekJtAA==] device not found 412b2ed372b94965a98b8d7300e9956d
[2026-09-17 12:08:45] [ERROR] [SERVER] [X-LC-ID-UBJKAuoKekJtAA==] device not found a0328313ce23450189fffda1bf5a88b9
[2026-09-17 12:08:45] [ERROR] [SERVER] [X-LC-ID-UBJKAuoKekJtAA==] device not found 7fc310cc372b40debf7727ada121a352
[2026-09-17 12:08:45] [ERROR] [SERVER] [X-LC-ID-UBJKAuoKekJtAA==] device not found 4adbc04711b444c39b35a291b715dad8
[2026-09-17 12:08:45] [ERROR] [SERVER] [X-LC-ID-UBJKAuoKekJtAA==] device not found 954d641dd7c6430196863d50ba5fd7e3
[2026-09-17 12:08:45] [ERROR] [SERVER] [X-LC-ID-UBJKAuoKekJtAA==] device not found 981fbf4fe18a4df3a1adcec44ee2f731
[2026-09-17 12:08:45] [ERROR] [SERVER] [X-LC-ID-UBJKAuoKekJtAA==] device not found 0ba87e24970c4b8c86c95df8d83ab5f1
[2026-09-17 12:08:45] [ERROR] [SERVER] [X-LC-ID-UBJKAuoKekJtAA==] device not found b8f9c2f9cb0449d0ad5de63e32807855
[2026-09-17 12:08:45] [ERROR] [SERVER] [X-LC-ID-UBJKAuoKekJtAA==] device not found bfab57ed0cbf4a918737fbf60d27cfd0
[2026-09-17 12:08:45] [ERROR] [SERVER] [X-LC-ID-UBJKAuoKekJtAA==] device not found 9b4ac19b1d564635b7cac3141427de45
[2026-09-17 12:08:45] [ERROR] [SERVER] [X-LC-ID-UBJKAuoKekJtAA==] device not found bb41901c89aa47e492ee1eb0abdb6dfa
[2026-09-17 12:08:45] [ERROR] [SERVER] [X-LC-ID-UBJKAuoKekJtAA==] device not found b5090ef5828c43f38f02f4f124c4742d
[2026-09-17 12:08:45] [ERROR] [SERVER] [X-LC-ID-UBJKAuoKekJtAA==] device not found 3f8fba5ba27e48dfad3b9176da3e2361
[2026-09-17 12:08:45] [ERROR] [SERVER] [X-LC-ID-UBJKAuoKekJtAA==] device not found 156a56ad3d5a4410a753818d7993c122
[2026-09-17 12:08:45] [ERROR] [SERVER] [X-LC-ID-UBJKAuoKekJtAA==] device not found c8deca7b3e974bdea9e342cdedaced4c
[2026-09-17 12:08:45] [ERROR] [SERVER] [X-LC-ID-UBJKAuoKekJtAA==] device not found e72ce689eebd478eacda794831070021
[2026-09-17 12:08:45] [ERROR] [SERVER] [X-LC-ID-UBJKAuoKekJtAA==] device not found d9a8ce2762bb489c8c84befb2ead596d
[2026-09-17 12:08:45] [ERROR] [SERVER] [X-LC-ID-UBJKAuoKekJtAA==] device not found e4b1bd2fb641472ba58590a78062c533
[2026-09-17 12:08:45] [ERROR] [SERVER] [X-LC-ID-UBJKAuoKekJtAA==] device not found 3fcc4db47ee24f778fc275087162db1a
[2026-09-17 12:08:45] [ERROR] [SERVER] [X-LC-ID-UBJKAuoKekJtAA==] device not found d9a100cddfa64ec4b824c4f007e7ac08
[2026-09-17 12:08:45] [ERROR] [SERVER] [X-LC-ID-UBJKAuoKekJtAA==] device not found 2cafed70c9aa4d479a1371921a486e26
[2026-09-17 12:08:45] [ERROR] [SERVER] [X-LC-ID-UBJKAuoKekJtAA==] device not found 24f1572ddddb42c2abec3b14b1aeb99f
[2026-09-17 12:08:45] [ERROR] [SERVER] [X-LC-ID-UBJKAuoKekJtAA==] device not found 5cd573d24b764c269d171c8cb7ba4173
[2026-09-17 12:08:45] [ERROR] [SERVER] [X-LC-ID-UBJKAuoKekJtAA==] device not found fa986a1cc24e46c9bb85092e6f0f3004
[2026-09-17 12:08:45] [ERROR] [SERVER] [X-LC-ID-UBJKAuoKekJtAA==] device not found a4684fa5bec34e808a436ae8ffcee0c6
[2026-09-17 12:08:45] [ERROR] [SERVER] [X-LC-ID-UBJKAuoKekJtAA==] device not found 09968f9ed1dc4b9bafd3f3024dd50945
[2026-09-17 12:08:45] [ERROR] [SERVER] [X-LC-ID-UBJKAuoKekJtAA==] device not found 5f06652476e64eb58b8b9f036dec1766
[2026-09-17 12:08:45] [ERROR] [SERVER] [X-LC-ID-UBJKAuoKekJtAA==] device not found 5df06ca39c4b4ae0a95b696c4075447e
[2026-09-17 12:08:45] [ERROR] [SERVER] [X-LC-ID-UBJKAuoKekJtAA==] device not found 5644efe1987d482a931209eace1894ac
[2026-09-17 12:08:45] [ERROR] [SERVER] [X-LC-ID-UBJKAuoKekJtAA==] device not found 49167be7947a456892c4dc8727246343
[2026-09-17 12:08:45] [ERROR] [SERVER] [X-LC-ID-UBJKAuoKekJtAA==] device not found 973f526fb5e74739834e650954c027d4
[2026-09-17 12:08:45] [ERROR] [SERVER] [X-LC-ID-UBJKAuoKekJtAA==] device not found 7dea8f069878426f8b2087674e537074
[2026-09-17 12:08:45] [ERROR] [SERVER] [X-LC-ID-UBJKAuoKekJtAA==] device not found 68a7b73d71c14fa2ab205695e18b69ba
[2026-09-17 12:08:45] [ERROR] [SERVER] [X-LC-ID-UBJKAuoKekJtAA==] device not found f5555ea459bc41469fb162453abaa01c
[2026-09-17 12:08:45] [ERROR] [SERVER] [X-LC-ID-UBJKAuoKekJtAA==] device not found 68fbcba83f5e4d6d8597dd78b666a1d4
[2026-09-17 12:08:45] [ERROR] [SERVER] [X-LC-ID-UBJKAuoKekJtAA==] device not found bcb0aa4c5de04d4484b801a2ca4dbd3e
[2026-09-17 12:08:45] [ERROR] [SERVER] [X-LC-ID-UBJKAuoKekJtAA==] device not found a5b6ddef89bf49d38c4a556d10a81c19
[2026-09-17 12:08:45] [ERROR] [SERVER] [X-LC-ID-UBJKAuoKekJtAA==] device not found eecc491a51844cfcbe6a25ff0baabb34
[2026-09-17 12:08:45] [ERROR] [SERVER] [X-LC-ID-UBJKAuoKekJtAA==] device not found 6801913a652244f38703af3341704d46
[2026-09-17 12:08:45] [ERROR] [SERVER] [X-LC-ID-UBJKAuoKekJtAA==] device not found 456107086b8e4142baaaf9f2c4232528
[2026-09-17 12:08:45] [ERROR] [SERVER] [X-LC-ID-UBJKAuoKekJtAA==] device not found 4a9ca527b2394a24a87024fdca0d6708
[2026-09-17 12:08:45] [ERROR] [SERVER] [X-LC-ID-UBJKAuoKekJtAA==] device not found f073b361e3c8428abc31d5880b3d98ae
[2026-09-17 12:08:45] [ERROR] [SERVER] [X-LC-ID-UBJKAuoKekJtAA==] device not found bf1ad8d3a3f14145b749d4f309d198d5
[2026-09-17 12:08:45] [ERROR] [SERVER] [X-LC-ID-UBJKAuoKekJtAA==] device not found 3ee2aa54e5424fa1abaddbad7a0c8813
[2026-09-17 12:08:45] [ERROR] [SERVER] [X-LC-ID-UBJKAuoKekJtAA==] device not found 83150d78ae72433483d77f874ca2761d
[2026-09-17 12:08:45] [ERROR] [SERVER] [X-LC-ID-UBJKAuoKekJtAA==] device not found ffab3ac291614475964f343bc1c49fb1
[2026-09-17 12:08:45] [ERROR] [SERVER] [X-LC-ID-UBJKAuoKekJtAA==] device not found 80823c8ce66144e49e2d5d5c3bef40af
[2026-09-17 12:08:45] [ERROR] [SERVER] [X-LC-ID-UBJKAuoKekJtAA==] device not found 7b36e6bebcde4027b0a3c808f4ad9507
[2026-09-17 12:08:45] [ERROR] [SERVER] [X-LC-ID-UBJKAuoKekJtAA==] device not found 596dec52e0f04a6a94eb09c8c1ed7ccf
[2026-09-17 12:08:45] [ERROR] [SERVER] [X-LC-ID-UBJKAuoKekJtAA==] device not found 548c86e8e6bb471782069b78e8c67f67
[2026-09-17 12:08:45] [ERROR] [SERVER] [X-LC-ID-UBJKAuoKekJtAA==] device not found 165f759e7243472e84c8b948c5da7360
[2026-09-17 12:08:45] [ERROR] [SERVER] [X-LC-ID-UBJKAuoKekJtAA==] device not found 96d583fa501e4723a2ab9fdd42b28925
[2026-09-17 12:08:45] [ERROR] [SERVER] [X-LC-ID-UBJKAuoKekJtAA==] device not found dba011b143a248829c6d7f11716dc192
[2026-09-17 12:08:45] [ERROR] [SERVER] [X-LC-ID-UBJKAuoKekJtAA==] device not found 0317c12649054b9285e3960ac616091e
[2026-09-17 12:08:45] [ERROR] [SERVER] [X-LC-ID-UBJKAuoKekJtAA==] device not found 54bc80a2c3524567920b44057849515f
[2026-09-17 12:08:45] [ERROR] [SERVER] [X-LC-ID-UBJKAuoKekJtAA==] device not found 2ca3469e854841868b0039239b39220a
[2026-09-17 12:08:45] [ERROR] [SERVER] [X-LC-ID-UBJKAuoKekJtAA==] device not found 2340647df7144fc5a30489ed06518eb5
[2026-09-17 12:08:45] [ERROR] [SERVER] [X-LC-ID-UBJKAuoKekJtAA==] device not found 3f72534f5a354c46ae62d24e08dc3f0c
[2026-09-17 12:08:45] [ERROR] [SERVER] [X-LC-ID-UBJKAuoKekJtAA==] device not found 17aa4e57569d4d22adc28d945ba5559d
[2026-09-17 12:08:45] [ERROR] [SERVER] [X-LC-ID-UBJKAuoKekJtAA==] device not found 73058021a0ee459da89ce0841292a324
[2026-09-17 12:08:45] [ERROR] [SERVER] [X-LC-ID-UBJKAuoKekJtAA==] device not found dbbcb053369a453ebb09e3997a4eb2fa
[2026-09-17 12:08:45] [ERROR] [SERVER] [X-LC-ID-UBJKAuoKekJtAA==] device not found bbf3fb045fba419f83ed1e18075c4189
[2026-09-17 12:08:45] [ERROR] [SERVER] [X-LC-ID-UBJKAuoKekJtAA==] device not found 1152456e4bb34697bfc17842913252f1
[2026-09-17 12:08:45] [ERROR] [SERVER] [X-LC-ID-UBJKAuoKekJtAA==] device not found 61c1a9137d5f4b37a3411a6176757e6a
[2026-09-17 12:08:45] [ERROR] [SERVER] [X-LC-ID-UBJKAuoKekJtAA==] device not found e7f45e62d933421db87b883e0c5e02c4
[2026-09-17 12:08:52] [ERROR] unhandledRejection {}
[2026-09-17 12:08:52] [ERROR] unhandledRejection {}
[2026-09-17 12:08:52] [ERROR] [SERVER] [X-LC-ID-szIDBOoKekK0AA==] device not found a99f4b50c6a2419592e1a2fac0b15851
[2026-09-17 12:08:52] [ERROR] [SERVER] [X-LC-ID-szIDBOoKekK0AA==] device not found 89dfbc6310604a4d9c1c405dae02b9f2
[2026-09-17 12:08:52] [ERROR] [SERVER] [X-LC-ID-szIDBOoKekK0AA==] device not found e43e31ffbc97423b9c9d06e01845a04b
[2026-09-17 12:08:52] [ERROR] [SERVER] [X-LC-ID-szIDBOoKekK0AA==] device not found cc672672d7f1461b8f40c357e248736d
[2026-09-17 12:08:52] [ERROR] [SERVER] [X-LC-ID-szIDBOoKekK0AA==] device not found 1353745da40045a9a22f3948afd56824
[2026-09-17 12:08:52] [ERROR] [SERVER] [X-LC-ID-szIDBOoKekK0AA==] device not found ec87ea345a504c51a2c52fc374dfa2b1
[2026-09-17 12:08:52] [ERROR] [SERVER] [X-LC-ID-szIDBOoKekK0AA==] device not found 5798933f03264544af4921eb1335334c
[2026-09-17 12:08:52] [ERROR] [SERVER] [X-LC-ID-szIDBOoKekK0AA==] device not found eff7e71c351249fe8f4e303c8b2b85cc
[2026-09-17 12:08:52] [ERROR] [SERVER] [X-LC-ID-szIDBOoKekK0AA==] device not found 3d71773431f84729920e911ea1bec373
[2026-09-17 12:08:52] [ERROR] [SERVER] [X-LC-ID-szIDBOoKekK0AA==] device not found d3dfa90508f0495da564445c823292b7
[2026-09-17 12:08:52] [ERROR] [SERVER] [X-LC-ID-szIDBOoKekK0AA==] device not found 71f9a691f43c4d72b558dbd7b03e22cb
[2026-09-17 12:08:52] [ERROR] [SERVER] [X-LC-ID-szIDBOoKekK0AA==] device not found 827426d8f2e4457da000b9570bdca92c
[2026-09-17 12:08:52] [ERROR] [SERVER] [X-LC-ID-szIDBOoKekK0AA==] device not found 9ff2358ce1ae43c4a9d4c65c967f9e57
[2026-09-17 12:08:52] [ERROR] [SERVER] [X-LC-ID-szIDBOoKekK0AA==] device not found 0a87dba100834c9fa6fafe6299fd095c
[2026-09-17 12:08:52] [ERROR] [SERVER] [X-LC-ID-szIDBOoKekK0AA==] device not found 355cb6d818b345d0a0e5456216136b03
[2026-09-17 12:08:52] [ERROR] [SERVER] [X-LC-ID-szIDBOoKekK0AA==] device not found 52acff36d2ee4c7b9e54fe9aa66351b0
[2026-09-17 12:08:52] [ERROR] [SERVER] [X-LC-ID-szIDBOoKekK0AA==] device not found ceec59c786504a88a614ed83ae3f6829
[2026-09-17 12:08:52] [ERROR] [SERVER] [X-LC-ID-szIDBOoKekK0AA==] device not found ba84837503474e0ca0fee4d0c0713014
[2026-09-17 12:08:52] [ERROR] [SERVER] [X-LC-ID-szIDBOoKekK0AA==] device not found a0d491992060434ba666817338ad9a2b
[2026-09-17 12:08:52] [ERROR] [SERVER] [X-LC-ID-szIDBOoKekK0AA==] device not found 124936fb079946a9b912782e158f6c0c
[2026-09-17 12:08:52] [ERROR] [SERVER] [X-LC-ID-szIDBOoKekK0AA==] device not found b9e017ee863d49ac9c091ad482d81487
[2026-09-17 12:08:52] [ERROR] [SERVER] [X-LC-ID-szIDBOoKekK0AA==] device not found 8c6495bdcb4e41bda07eb350aa2a32ed
[2026-09-17 12:08:52] [ERROR] [SERVER] [X-LC-ID-szIDBOoKekK0AA==] device not found eece7d045a1d49809853cb427384e7e6
[2026-09-17 12:08:52] [ERROR] [SERVER] [X-LC-ID-szIDBOoKekK0AA==] device not found 16bd95b47198422cbbf6b18b88fd39c2
[2026-09-17 12:08:52] [ERROR] [SERVER] [X-LC-ID-szIDBOoKekK0AA==] device not found 9c63f6ed3fed45d8ad7ba09146d760fb
[2026-09-17 12:08:52] [ERROR] [SERVER] [X-LC-ID-szIDBOoKekK0AA==] device not found 18a85bfb98844aa8a6048ce2e5bdd444
[2026-09-17 12:08:52] [ERROR] [SERVER] [X-LC-ID-szIDBOoKekK0AA==] device not found 75f66ba47c38423289951b073645119d
[2026-09-17 12:08:52] [ERROR] [SERVER] [X-LC-ID-szIDBOoKekK0AA==] device not found 10d7b106181b4f9fa047bd19525dae26
[2026-09-17 12:08:52] [ERROR] [SERVER] [X-LC-ID-szIDBOoKekK0AA==] device not found c7c2d2764b2b40cdbda965309fe5b80f
[2026-09-17 12:08:52] [ERROR] [SERVER] [X-LC-ID-szIDBOoKekK0AA==] device not found e378fca178bf4248b6f831a6c424a053
[2026-09-17 12:08:52] [ERROR] [SERVER] [X-LC-ID-szIDBOoKekK0AA==] device not found a37ed1d779714ab4aa501017f1f59540
[2026-09-17 12:08:52] [ERROR] [SERVER] [X-LC-ID-szIDBOoKekK0AA==] device not found 187d5698065c4e4ca7c401f88d34ea26
[2026-09-17 12:08:52] [ERROR] [SERVER] [X-LC-ID-szIDBOoKekK0AA==] device not found 8d05ab427a6041b39e0205ede1e4a769
[2026-09-17 12:08:52] [ERROR] [SERVER] [X-LC-ID-szIDBOoKekK0AA==] device not found 0e7d3e8e8e034120a00b50a69b3f319f
[2026-09-17 12:08:52] [ERROR] [SERVER] [X-LC-ID-szIDBOoKekK0AA==] device not found e0c80ab6523c47b0a736bd28cb72473f
[2026-09-17 12:08:52] [ERROR] [SERVER] [X-LC-ID-szIDBOoKekK0AA==] device not found 412b2ed372b94965a98b8d7300e9956d
[2026-09-17 12:08:52] [ERROR] [SERVER] [X-LC-ID-szIDBOoKekK0AA==] device not found a0328313ce23450189fffda1bf5a88b9
[2026-09-17 12:08:52] [ERROR] [SERVER] [X-LC-ID-szIDBOoKekK0AA==] device not found 7fc310cc372b40debf7727ada121a352
[2026-09-17 12:08:52] [ERROR] [SERVER] [X-LC-ID-szIDBOoKekK0AA==] device not found 4adbc04711b444c39b35a291b715dad8
[2026-09-17 12:08:52] [ERROR] [SERVER] [X-LC-ID-szIDBOoKekK0AA==] device not found 954d641dd7c6430196863d50ba5fd7e3
[2026-09-17 12:08:52] [ERROR] [SERVER] [X-LC-ID-szIDBOoKekK0AA==] device not found 981fbf4fe18a4df3a1adcec44ee2f731
[2026-09-17 12:08:52] [ERROR] [SERVER] [X-LC-ID-szIDBOoKekK0AA==] device not found 0ba87e24970c4b8c86c95df8d83ab5f1
[2026-09-17 12:08:52] [ERROR] [SERVER] [X-LC-ID-szIDBOoKekK0AA==] device not found b8f9c2f9cb0449d0ad5de63e32807855
[2026-09-17 12:08:52] [ERROR] [SERVER] [X-LC-ID-szIDBOoKekK0AA==] device not found bfab57ed0cbf4a918737fbf60d27cfd0
[2026-09-17 12:08:52] [ERROR] [SERVER] [X-LC-ID-szIDBOoKekK0AA==] device not found 9b4ac19b1d564635b7cac3141427de45
[2026-09-17 12:08:52] [ERROR] [SERVER] [X-LC-ID-szIDBOoKekK0AA==] device not found bb41901c89aa47e492ee1eb0abdb6dfa
[2026-09-17 12:08:52] [ERROR] [SERVER] [X-LC-ID-szIDBOoKekK0AA==] device not found b5090ef5828c43f38f02f4f124c4742d
[2026-09-17 12:08:52] [ERROR] [SERVER] [X-LC-ID-szIDBOoKekK0AA==] device not found 3f8fba5ba27e48dfad3b9176da3e2361
[2026-09-17 12:08:52] [ERROR] [SERVER] [X-LC-ID-szIDBOoKekK0AA==] device not found 156a56ad3d5a4410a753818d7993c122
[2026-09-17 12:08:52] [ERROR] [SERVER] [X-LC-ID-szIDBOoKekK0AA==] device not found c8deca7b3e974bdea9e342cdedaced4c
[2026-09-17 12:08:52] [ERROR] [SERVER] [X-LC-ID-szIDBOoKekK0AA==] device not found e72ce689eebd478eacda794831070021
[2026-09-17 12:08:52] [ERROR] [SERVER] [X-LC-ID-szIDBOoKekK0AA==] device not found d9a8ce2762bb489c8c84befb2ead596d
[2026-09-17 12:08:52] [ERROR] [SERVER] [X-LC-ID-szIDBOoKekK0AA==] device not found e4b1bd2fb641472ba58590a78062c533
[2026-09-17 12:08:52] [ERROR] [SERVER] [X-LC-ID-szIDBOoKekK0AA==] device not found 3fcc4db47ee24f778fc275087162db1a
[2026-09-17 12:08:52] [ERROR] [SERVER] [X-LC-ID-szIDBOoKekK0AA==] device not found d9a100cddfa64ec4b824c4f007e7ac08
[2026-09-17 12:08:52] [ERROR] [SERVER] [X-LC-ID-szIDBOoKekK0AA==] device not found 2cafed70c9aa4d479a1371921a486e26
[2026-09-17 12:08:52] [ERROR] [SERVER] [X-LC-ID-szIDBOoKekK0AA==] device not found 24f1572ddddb42c2abec3b14b1aeb99f
[2026-09-17 12:08:52] [ERROR] [SERVER] [X-LC-ID-szIDBOoKekK0AA==] device not found 5cd573d24b764c269d171c8cb7ba4173
[2026-09-17 12:08:52] [ERROR] [SERVER] [X-LC-ID-szIDBOoKekK0AA==] device not found fa986a1cc24e46c9bb85092e6f0f3004
[2026-09-17 12:08:52] [ERROR] [SERVER] [X-LC-ID-szIDBOoKekK0AA==] device not found a4684fa5bec34e808a436ae8ffcee0c6
[2026-09-17 12:08:52] [ERROR] [SERVER] [X-LC-ID-szIDBOoKekK0AA==] device not found 09968f9ed1dc4b9bafd3f3024dd50945
[2026-09-17 12:08:52] [ERROR] [SERVER] [X-LC-ID-szIDBOoKekK0AA==] device not found 5f06652476e64eb58b8b9f036dec1766
[2026-09-17 12:08:52] [ERROR] [SERVER] [X-LC-ID-szIDBOoKekK0AA==] device not found 5df06ca39c4b4ae0a95b696c4075447e
[2026-09-17 12:08:52] [ERROR] [SERVER] [X-LC-ID-szIDBOoKekK0AA==] device not found 5644efe1987d482a931209eace1894ac
[2026-09-17 12:08:52] [ERROR] [SERVER] [X-LC-ID-szIDBOoKekK0AA==] device not found 49167be7947a456892c4dc8727246343
[2026-09-17 12:08:52] [ERROR] [SERVER] [X-LC-ID-szIDBOoKekK0AA==] device not found 973f526fb5e74739834e650954c027d4
[2026-09-17 12:08:52] [ERROR] [SERVER] [X-LC-ID-szIDBOoKekK0AA==] device not found 7dea8f069878426f8b2087674e537074
[2026-09-17 12:08:52] [ERROR] [SERVER] [X-LC-ID-szIDBOoKekK0AA==] device not found 68a7b73d71c14fa2ab205695e18b69ba
[2026-09-17 12:08:52] [ERROR] [SERVER] [X-LC-ID-szIDBOoKekK0AA==] device not found f5555ea459bc41469fb162453abaa01c
[2026-09-17 12:08:52] [ERROR] [SERVER] [X-LC-ID-szIDBOoKekK0AA==] device not found 68fbcba83f5e4d6d8597dd78b666a1d4
[2026-09-17 12:08:52] [ERROR] [SERVER] [X-LC-ID-szIDBOoKekK0AA==] device not found bcb0aa4c5de04d4484b801a2ca4dbd3e
[2026-09-17 12:08:52] [ERROR] [SERVER] [X-LC-ID-szIDBOoKekK0AA==] device not found a5b6ddef89bf49d38c4a556d10a81c19
[2026-09-17 12:08:52] [ERROR] [SERVER] [X-LC-ID-szIDBOoKekK0AA==] device not found eecc491a51844cfcbe6a25ff0baabb34
[2026-09-17 12:08:52] [ERROR] [SERVER] [X-LC-ID-szIDBOoKekK0AA==] device not found 6801913a652244f38703af3341704d46
[2026-09-17 12:08:52] [ERROR] [SERVER] [X-LC-ID-szIDBOoKekK0AA==] device not found 456107086b8e4142baaaf9f2c4232528
[2026-09-17 12:08:52] [ERROR] [SERVER] [X-LC-ID-szIDBOoKekK0AA==] device not found 4a9ca527b2394a24a87024fdca0d6708
[2026-09-17 12:08:52] [ERROR] [SERVER] [X-LC-ID-szIDBOoKekK0AA==] device not found f073b361e3c8428abc31d5880b3d98ae
[2026-09-17 12:08:52] [ERROR] [SERVER] [X-LC-ID-szIDBOoKekK0AA==] device not found bf1ad8d3a3f14145b749d4f309d198d5
[2026-09-17 12:08:52] [ERROR] [SERVER] [X-LC-ID-szIDBOoKekK0AA==] device not found 3ee2aa54e5424fa1abaddbad7a0c8813
[2026-09-17 12:08:52] [ERROR] [SERVER] [X-LC-ID-szIDBOoKekK0AA==] device not found 83150d78ae72433483d77f874ca2761d
[2026-09-17 12:08:52] [ERROR] [SERVER] [X-LC-ID-szIDBOoKekK0AA==] device not found ffab3ac291614475964f343bc1c49fb1
[2026-09-17 12:08:52] [ERROR] [SERVER] [X-LC-ID-szIDBOoKekK0AA==] device not found 80823c8ce66144e49e2d5d5c3bef40af
[2026-09-17 12:08:52] [ERROR] [SERVER] [X-LC-ID-szIDBOoKekK0AA==] device not found 7b36e6bebcde4027b0a3c808f4ad9507
[2026-09-17 12:08:52] [ERROR] [SERVER] [X-LC-ID-szIDBOoKekK0AA==] device not found 596dec52e0f04a6a94eb09c8c1ed7ccf
[2026-09-17 12:08:52] [ERROR] [SERVER] [X-LC-ID-szIDBOoKekK0AA==] device not found 548c86e8e6bb471782069b78e8c67f67
[2026-09-17 12:08:53] [ERROR] [SERVER] [X-LC-ID-szIDBOoKekK0AA==] device not found 165f759e7243472e84c8b948c5da7360
[2026-09-17 12:08:53] [ERROR] [SERVER] [X-LC-ID-szIDBOoKekK0AA==] device not found 96d583fa501e4723a2ab9fdd42b28925
[2026-09-17 12:08:53] [ERROR] [SERVER] [X-LC-ID-szIDBOoKekK0AA==] device not found dba011b143a248829c6d7f11716dc192
[2026-09-17 12:08:53] [ERROR] [SERVER] [X-LC-ID-szIDBOoKekK0AA==] device not found 0317c12649054b9285e3960ac616091e
[2026-09-17 12:08:53] [ERROR] [SERVER] [X-LC-ID-szIDBOoKekK0AA==] device not found 54bc80a2c3524567920b44057849515f
[2026-09-17 12:08:53] [ERROR] [SERVER] [X-LC-ID-szIDBOoKekK0AA==] device not found 2ca3469e854841868b0039239b39220a
[2026-09-17 12:08:53] [ERROR] [SERVER] [X-LC-ID-szIDBOoKekK0AA==] device not found 2340647df7144fc5a30489ed06518eb5
[2026-09-17 12:08:53] [ERROR] [SERVER] [X-LC-ID-szIDBOoKekK0AA==] device not found 3f72534f5a354c46ae62d24e08dc3f0c
[2026-09-17 12:08:53] [ERROR] [SERVER] [X-LC-ID-szIDBOoKekK0AA==] device not found 17aa4e57569d4d22adc28d945ba5559d
[2026-09-17 12:08:53] [ERROR] [SERVER] [X-LC-ID-szIDBOoKekK0AA==] device not found 73058021a0ee459da89ce0841292a324
[2026-09-17 12:08:53] [ERROR] [SERVER] [X-LC-ID-szIDBOoKekK0AA==] device not found dbbcb053369a453ebb09e3997a4eb2fa
[2026-09-17 12:08:53] [ERROR] [SERVER] [X-LC-ID-szIDBOoKekK0AA==] device not found bbf3fb045fba419f83ed1e18075c4189
[2026-09-17 12:08:53] [ERROR] [SERVER] [X-LC-ID-szIDBOoKekK0AA==] device not found 1152456e4bb34697bfc17842913252f1
[2026-09-17 12:08:53] [ERROR] [SERVER] [X-LC-ID-szIDBOoKekK0AA==] device not found 61c1a9137d5f4b37a3411a6176757e6a
[2026-09-17 12:08:53] [ERROR] [SERVER] [X-LC-ID-szIDBOoKekK0AA==] device not found e7f45e62d933421db87b883e0c5e02c4
[2026-09-17 12:08:59] [WARN] [INIT] auto clear log: C:\Users\User\OneDrive\Documents\EasyEDA-Pro\logs
[2026-09-17 12:09:24] [ERROR] unhandledRejection {"errno":8,"code":"SQLITE_READONLY"}
[2026-09-17 12:09:27] [ERROR] [SERVER] {"errno":-3008,"code":"ENOTFOUND","syscall":"getaddrinfo","hostname":"www.googletagmanager.com"}
[2026-09-17 12:09:27] [ERROR] [SERVER] [X-LC-ID-PnJZDOoKekLHAA==] json api exception {"url":"/gtag/js","error":{"errno":-3008,"code":"ENOTFOUND","syscall":"getaddrinfo","hostname":"www.googletagmanager.com"}}
[2026-09-17 12:09:27] [ERROR] unhandledRejection {"errno":-3008,"code":"ENOTFOUND","syscall":"getaddrinfo","hostname":"www.googletagmanager.com"}
[2026-09-17 12:09:28] [ERROR] [SERVER] [X-LC-ID-qJ6jDOoKekJMAA==] {"errno":-3008,"code":"ENOTFOUND","syscall":"getaddrinfo","hostname":"pro.easyeda.com"}
[2026-09-17 12:09:28] [ERROR] [SERVER] [X-LC-ID-Dzy0DOoKekIYAA==] {"errno":-3008,"code":"ENOTFOUND","syscall":"getaddrinfo","hostname":"pro.easyeda.com"}
[2026-09-17 12:09:29] [ERROR] [SERVER] [X-LC-ID-KmLZDOoKekIiAA==] {"errno":-3008,"code":"ENOTFOUND","syscall":"getaddrinfo","hostname":"pro.easyeda.com"}
[2026-09-17 12:09:29] [ERROR] [SERVER] [X-LC-ID-eTcCDeoKekIRAA==] {"errno":-3008,"code":"ENOTFOUND","syscall":"getaddrinfo","hostname":"pro.easyeda.com"}
[2026-09-17 12:09:29] [ERROR] [SERVER] [X-LC-ID-ueQLDeoKekK1AA==] {"errno":-3008,"code":"ENOTFOUND","syscall":"getaddrinfo","hostname":"pro.easyeda.com"}
[2026-09-17 12:09:30] [ERROR] [SERVER] [X-LC-ID-iTVFDeoKekLyAA==] {"errno":-3008,"code":"ENOTFOUND","syscall":"getaddrinfo","hostname":"pro.easyeda.com"}
[2026-09-17 12:10:24] [WARN] [INIT] auto clear log: C:\Users\User\OneDrive\Documents\EasyEDA-Pro\logs
[2026-09-17 12:11:24] [WARN] [INIT] auto clear log: C:\Users\User\OneDrive\Documents\EasyEDA-Pro\logs
[2026-09-17 12:12:24] [WARN] [INIT] auto clear log: C:\Users\User\OneDrive\Documents\EasyEDA-Pro\logs
[2026-09-17 12:13:24] [WARN] [INIT] auto clear log: C:\Users\User\OneDrive\Documents\EasyEDA-Pro\logs
[2026-09-17 12:13:54] [ERROR] unhandledRejection {}
[2026-09-17 12:13:55] [ERROR] unhandledRejection {}
[2026-09-17 12:13:59] [ERROR] unhandledRejection {}
[2026-09-17 12:14:48] [WARN] [INIT] auto clear log: C:\Users\User\OneDrive\Documents\EasyEDA-Pro\logs
[2026-09-17 12:15:48] [WARN] [INIT] auto clear log: C:\Users\User\OneDrive\Documents\EasyEDA-Pro\logs
[2026-09-17 12:16:48] [WARN] [INIT] auto clear log: C:\Users\User\OneDrive\Documents\EasyEDA-Pro\logs
[2026-09-17 12:17:48] [WARN] [INIT] auto clear log: C:\Users\User\OneDrive\Documents\EasyEDA-Pro\logs
[2026-09-17 12:18:48] [WARN] [INIT] auto clear log: C:\Users\User\OneDrive\Documents\EasyEDA-Pro\logs
[2026-09-17 12:19:48] [WARN] [INIT] auto clear log: C:\Users\User\OneDrive\Documents\EasyEDA-Pro\logs
[2026-09-17 12:20:48] [WARN] [INIT] auto clear log: C:\Users\User\OneDrive\Documents\EasyEDA-Pro\logs
[2026-09-17 12:21:48] [WARN] [INIT] auto clear log: C:\Users\User\OneDrive\Documents\EasyEDA-Pro\logs
[2026-09-17 12:22:48] [WARN] [INIT] auto clear log: C:\Users\User\OneDrive\Documents\EasyEDA-Pro\logs
[2026-09-17 12:23:48] [WARN] [INIT] auto clear log: C:\Users\User\OneDrive\Documents\EasyEDA-Pro\logs
[2026-09-17 12:24:48] [WARN] [INIT] auto clear log: C:\Users\User\OneDrive\Documents\EasyEDA-Pro\logs
[2026-09-17 12:25:48] [WARN] [INIT] auto clear log: C:\Users\User\OneDrive\Documents\EasyEDA-Pro\logs
[2026-09-17 12:26:48] [WARN] [INIT] auto clear log: C:\Users\User\OneDrive\Documents\EasyEDA-Pro\logs
[2026-09-17 12:27:48] [WARN] [INIT] auto clear log: C:\Users\User\OneDrive\Documents\EasyEDA-Pro\logs
[2026-09-17 12:28:48] [WARN] [INIT] auto clear log: C:\Users\User\OneDrive\Documents\EasyEDA-Pro\logs
[2026-09-17 12:29:48] [WARN] [INIT] auto clear log: C:\Users\User\OneDrive\Documents\EasyEDA-Pro\logs
[2026-09-17 12:30:48] [WARN] [INIT] auto clear log: C:\Users\User\OneDrive\Documents\EasyEDA-Pro\logs
[2026-09-17 12:31:48] [WARN] [INIT] auto clear log: C:\Users\User\OneDrive\Documents\EasyEDA-Pro\logs
[2026-09-17 12:32:48] [WARN] [INIT] auto clear log: C:\Users\User\OneDrive\Documents\EasyEDA-Pro\logs
[2026-09-17 12:33:48] [WARN] [INIT] auto clear log: C:\Users\User\OneDrive\Documents\EasyEDA-Pro\logs
[2026-09-17 12:34:22] [ERROR] unhandledRejection {}
[2026-09-17 12:34:27] [ERROR] unhandledRejection {}
[2026-09-17 12:35:16] [WARN] [INIT] auto clear log: C:\Users\User\OneDrive\Documents\EasyEDA-Pro\logs
[2026-09-17 12:36:16] [WARN] [INIT] auto clear log: C:\Users\User\OneDrive\Documents\EasyEDA-Pro\logs
[2026-09-17 12:37:16] [WARN] [INIT] auto clear log: C:\Users\User\OneDrive\Documents\EasyEDA-Pro\logs
[2026-09-17 12:38:16] [WARN] [INIT] auto clear log: C:\Users\User\OneDrive\Documents\EasyEDA-Pro\logs
[2026-09-17 12:39:16] [WARN] [INIT] auto clear log: C:\Users\User\OneDrive\Documents\EasyEDA-Pro\logs
[2026-09-17 12:40:16] [WARN] [INIT] auto clear log: C:\Users\User\OneDrive\Documents\EasyEDA-Pro\logs
[2026-09-17 12:41:17] [WARN] [INIT] auto clear log: C:\Users\User\OneDrive\Documents\EasyEDA-Pro\logs
[2026-09-17 12:42:17] [WARN] [INIT] auto clear log: C:\Users\User\OneDrive\Documents\EasyEDA-Pro\logs
[2026-09-17 12:43:17] [WARN] [INIT] auto clear log: C:\Users\User\OneDrive\Documents\EasyEDA-Pro\logs
[2026-09-17 12:44:17] [WARN] [INIT] auto clear log: C:\Users\User\OneDrive\Documents\EasyEDA-Pro\logs
[2026-09-17 12:45:17] [WARN] [INIT] auto clear log: C:\Users\User\OneDrive\Documents\EasyEDA-Pro\logs
[2026-09-17 12:46:17] [WARN] [INIT] auto clear log: C:\Users\User\OneDrive\Documents\EasyEDA-Pro\logs
[2026-09-17 12:47:17] [WARN] [INIT] auto clear log: C:\Users\User\OneDrive\Documents\EasyEDA-Pro\logs
[2026-09-17 12:48:17] [WARN] [INIT] auto clear log: C:\Users\User\OneDrive\Documents\EasyEDA-Pro\logs
[2026-09-17 12:49:17] [WARN] [INIT] auto clear log: C:\Users\User\OneDrive\Documents\EasyEDA-Pro\logs
[2026-09-17 12:50:17] [WARN] [INIT] auto clear log: C:\Users\User\OneDrive\Documents\EasyEDA-Pro\logs
[2026-09-17 12:51:17] [WARN] [INIT] auto clear log: C:\Users\User\OneDrive\Documents\EasyEDA-Pro\logs
[2026-09-17 12:52:17] [WARN] [INIT] auto clear log: C:\Users\User\OneDrive\Documents\EasyEDA-Pro\logs
[2026-09-17 12:53:17] [WARN] [INIT] auto clear log: C:\Users\User\OneDrive\Documents\EasyEDA-Pro\logs
[2026-09-17 12:54:17] [WARN] [INIT] auto clear log: C:\Users\User\OneDrive\Documents\EasyEDA-Pro\logs
[2026-09-17 12:55:17] [WARN] [INIT] auto clear log: C:\Users\User\OneDrive\Documents\EasyEDA-Pro\logs
[2026-09-17 12:56:17] [WARN] [INIT] auto clear log: C:\Users\User\OneDrive\Documents\EasyEDA-Pro\logs
[2026-09-17 12:57:17] [WARN] [INIT] auto clear log: C:\Users\User\OneDrive\Documents\EasyEDA-Pro\logs
[2026-09-17 12:58:17] [WARN] [INIT] auto clear log: C:\Users\User\OneDrive\Documents\EasyEDA-Pro\logs
[2026-09-17 12:59:17] [WARN] [INIT] auto clear log: C:\Users\User\OneDrive\Documents\EasyEDA-Pro\logs
[2026-09-17 13:00:17] [WARN] [INIT] auto clear log: C:\Users\User\OneDrive\Documents\EasyEDA-Pro\logs
[2026-09-17 13:01:17] [WARN] [INIT] auto clear log: C:\Users\User\OneDrive\Documents\EasyEDA-Pro\logs
[2026-09-17 13:02:17] [WARN] [INIT] auto clear log: C:\Users\User\OneDrive\Documents\EasyEDA-Pro\logs
[2026-09-17 13:03:17] [WARN] [INIT] auto clear log: C:\Users\User\OneDrive\Documents\EasyEDA-Pro\logs
[2026-09-17 13:04:17] [WARN] [INIT] auto clear log: C:\Users\User\OneDrive\Documents\EasyEDA-Pro\logs
[2026-09-17 13:04:21] [ERROR] [SERVER] [X-LC-ID-kBCYMO0KekKWAA==] {"errno":-3008,"code":"ENOTFOUND","syscall":"getaddrinfo","hostname":"pro.easyeda.com"}
[2026-09-17 13:05:17] [WARN] [INIT] auto clear log: C:\Users\User\OneDrive\Documents\EasyEDA-Pro\logs
[2026-09-17 13:06:17] [WARN] [INIT] auto clear log: C:\Users\User\OneDrive\Documents\EasyEDA-Pro\logs
[2026-09-17 13:07:17] [WARN] [INIT] auto clear log: C:\Users\User\OneDrive\Documents\EasyEDA-Pro\logs
[2026-09-17 13:08:17] [WARN] [INIT] auto clear log: C:\Users\User\OneDrive\Documents\EasyEDA-Pro\logs
[2026-09-17 13:09:17] [WARN] [INIT] auto clear log: C:\Users\User\OneDrive\Documents\EasyEDA-Pro\logs
[2026-09-17 13:09:21] [ERROR] [SERVER] [X-LC-ID-kMPRee0KekIeAA==] {"errno":-3008,"code":"ENOTFOUND","syscall":"getaddrinfo","hostname":"pro.easyeda.com"}
[2026-09-17 13:10:17] [WARN] [INIT] auto clear log: C:\Users\User\OneDrive\Documents\EasyEDA-Pro\logs
[2026-09-17 13:11:17] [WARN] [INIT] auto clear log: C:\Users\User\OneDrive\Documents\EasyEDA-Pro\logs
[2026-09-17 13:12:17] [WARN] [INIT] auto clear log: C:\Users\User\OneDrive\Documents\EasyEDA-Pro\logs
[2026-09-17 13:13:17] [WARN] [INIT] auto clear log: C:\Users\User\OneDrive\Documents\EasyEDA-Pro\logs
[2026-09-17 13:14:17] [WARN] [INIT] auto clear log: C:\Users\User\OneDrive\Documents\EasyEDA-Pro\logs
[2026-09-17 13:14:21] [ERROR] [SERVER] [X-LC-ID-FboPw+0KekJvAA==] {"errno":-3008,"code":"ENOTFOUND","syscall":"getaddrinfo","hostname":"pro.easyeda.com"}
[2026-09-17 13:15:17] [WARN] [INIT] auto clear log: C:\Users\User\OneDrive\Documents\EasyEDA-Pro\logs
[2026-09-17 13:16:17] [WARN] [INIT] auto clear log: C:\Users\User\OneDrive\Documents\EasyEDA-Pro\logs
[2026-09-17 13:17:17] [WARN] [INIT] auto clear log: C:\Users\User\OneDrive\Documents\EasyEDA-Pro\logs
[2026-09-17 13:18:17] [WARN] [INIT] auto clear log: C:\Users\User\OneDrive\Documents\EasyEDA-Pro\logs
[2026-09-17 13:23:40] [WARN] [INIT] auto clear log: C:\Users\User\OneDrive\Documents\EasyEDA-Pro\logs
[2026-09-17 13:24:40] [WARN] [INIT] auto clear log: C:\Users\User\OneDrive\Documents\EasyEDA-Pro\logs
[2026-09-17 13:25:40] [WARN] [INIT] auto clear log: C:\Users\User\OneDrive\Documents\EasyEDA-Pro\logs
[2026-09-17 13:26:40] [WARN] [INIT] auto clear log: C:\Users\User\OneDrive\Documents\EasyEDA-Pro\logs
[2026-09-17 13:27:40] [WARN] [INIT] auto clear log: C:\Users\User\OneDrive\Documents\EasyEDA-Pro\logs
[2026-09-17 13:30:21] [WARN] [INIT] auto clear log: C:\Users\User\OneDrive\Documents\EasyEDA-Pro\logs
[2026-09-17 13:30:28] [ERROR] [SERVER] [X-LC-ID-4aY/r+4KekJHAA==] {"errno":-3008,"code":"ENOTFOUND","syscall":"getaddrinfo","hostname":"pro.easyeda.com"}
[2026-09-17 13:31:21] [WARN] [INIT] auto clear log: C:\Users\User\OneDrive\Documents\EasyEDA-Pro\logs
[2026-09-17 13:32:21] [WARN] [INIT] auto clear log: C:\Users\User\OneDrive\Documents\EasyEDA-Pro\logs
[2026-09-17 13:33:21] [WARN] [INIT] auto clear log: C:\Users\User\OneDrive\Documents\EasyEDA-Pro\logs
[2026-09-17 13:34:21] [WARN] [INIT] auto clear log: C:\Users\User\OneDrive\Documents\EasyEDA-Pro\logs
[2026-09-17 13:35:21] [WARN] [INIT] auto clear log: C:\Users\User\OneDrive\Documents\EasyEDA-Pro\logs
[2026-09-17 13:36:21] [WARN] [INIT] auto clear log: C:\Users\User\OneDrive\Documents\EasyEDA-Pro\logs
[2026-09-17 14:20:45] [WARN] [INIT] auto clear log: C:\Users\User\OneDrive\Documents\EasyEDA-Pro\logs
[2026-09-17 14:21:45] [WARN] [INIT] auto clear log: C:\Users\User\OneDrive\Documents\EasyEDA-Pro\logs
[2026-09-17 14:22:31] [ERROR] [SERVER] [X-LC-ID-kBWjqfEKekIdAA==] {"errno":-3008,"code":"ENOTFOUND","syscall":"getaddrinfo","hostname":"pro.easyeda.com"}
[2026-09-17 14:22:45] [WARN] [INIT] auto clear log: C:\Users\User\OneDrive\Documents\EasyEDA-Pro\logs
[2026-09-17 14:23:45] [WARN] [INIT] auto clear log: C:\Users\User\OneDrive\Documents\EasyEDA-Pro\logs
[2026-09-17 14:24:45] [WARN] [INIT] auto clear log: C:\Users\User\OneDrive\Documents\EasyEDA-Pro\logs
[2026-09-17 14:25:45] [WARN] [INIT] auto clear log: C:\Users\User\OneDrive\Documents\EasyEDA-Pro\logs
[2026-09-17 14:26:45] [WARN] [INIT] auto clear log: C:\Users\User\OneDrive\Documents\EasyEDA-Pro\logs
[2026-09-17 15:12:20] [WARN] [INIT] auto clear log: C:\Users\User\OneDrive\Documents\EasyEDA-Pro\logs
[2026-09-17 15:12:40] [ERROR] [SERVER] [X-LC-ID-DUQ/iPQKekLSAA==] {"errno":-3008,"code":"ENOTFOUND","syscall":"getaddrinfo","hostname":"pro.easyeda.com"}
[2026-09-17 15:13:20] [WARN] [INIT] auto clear log: C:\Users\User\OneDrive\Documents\EasyEDA-Pro\logs
[2026-09-17 15:14:20] [WARN] [INIT] auto clear log: C:\Users\User\OneDrive\Documents\EasyEDA-Pro\logs
[2026-09-17 15:15:20] [WARN] [INIT] auto clear log: C:\Users\User\OneDrive\Documents\EasyEDA-Pro\logs
[2026-09-17 15:16:20] [WARN] [INIT] auto clear log: C:\Users\User\OneDrive\Documents\EasyEDA-Pro\logs
[2026-09-17 15:17:20] [WARN] [INIT] auto clear log: C:\Users\User\OneDrive\Documents\EasyEDA-Pro\logs
[2026-09-17 15:18:20] [WARN] [INIT] auto clear log: C:\Users\User\OneDrive\Documents\EasyEDA-Pro\logs
[2026-09-17 15:19:20] [WARN] [INIT] auto clear log: C:\Users\User\OneDrive\Documents\EasyEDA-Pro\logs
[2026-09-17 15:20:20] [WARN] [INIT] auto clear log: C:\Users\User\OneDrive\Documents\EasyEDA-Pro\logs
[2026-09-17 15:21:56] [WARN] [INIT] auto clear log: C:\Users\User\OneDrive\Documents\EasyEDA-Pro\logs
[2026-09-17 15:22:56] [WARN] [INIT] auto clear log: C:\Users\User\OneDrive\Documents\EasyEDA-Pro\logs
[2026-09-17 15:23:56] [WARN] [INIT] auto clear log: C:\Users\User\OneDrive\Documents\EasyEDA-Pro\logs
[2026-09-17 15:24:56] [WARN] [INIT] auto clear log: C:\Users\User\OneDrive\Documents\EasyEDA-Pro\logs
[2026-09-17 15:25:56] [WARN] [INIT] auto clear log: C:\Users\User\OneDrive\Documents\EasyEDA-Pro\logs
[2026-09-17 15:26:56] [WARN] [INIT] auto clear log: C:\Users\User\OneDrive\Documents\EasyEDA-Pro\logs
[2026-09-17 15:27:56] [WARN] [INIT] auto clear log: C:\Users\User\OneDrive\Documents\EasyEDA-Pro\logs
[2026-09-17 15:28:56] [WARN] [INIT] auto clear log: C:\Users\User\OneDrive\Documents\EasyEDA-Pro\logs
[2026-09-17 15:29:56] [WARN] [INIT] auto clear log: C:\Users\User\OneDrive\Documents\EasyEDA-Pro\logs
[2026-09-17 15:30:25] [ERROR] unhandledRejection {"errno":8,"code":"SQLITE_READONLY"}
[2026-09-17 15:30:31] [ERROR] unhandledRejection {}
[2026-09-17 15:30:31] [ERROR] unhandledRejection {}
[2026-09-17 15:30:36] [ERROR] unhandledRejection {}
[2026-09-17 15:30:58] [ERROR] unhandledRejection {}
[2026-09-17 15:30:58] [ERROR] unhandledRejection {}
[2026-09-17 15:31:03] [ERROR] unhandledRejection {}
[2026-09-17 15:31:25] [ERROR] unhandledRejection {}
[2026-09-17 15:31:25] [ERROR] unhandledRejection {}
[2026-09-17 15:31:25] [ERROR] unhandledRejection {}
[2026-09-17 15:31:25] [WARN] [INIT] auto clear log: C:\Users\User\OneDrive\Documents\EasyEDA-Pro\logs
[2026-09-17 15:31:25] [ERROR] unhandledRejection {}
[2026-09-17 15:31:28] [ERROR] unhandledRejection {}
[2026-09-17 15:31:43] [ERROR] unhandledRejection {}
[2026-09-17 15:31:43] [ERROR] unhandledRejection {}
[2026-09-17 15:31:43] [ERROR] unhandledRejection {}
[2026-09-17 15:31:43] [ERROR] unhandledRejection {}
[2026-09-17 15:31:44] [ERROR] unhandledRejection {}
[2026-09-17 15:31:44] [ERROR] unhandledRejection {}
[2026-09-17 15:32:15] [ERROR] unhandledRejection {"code":"ERR_INVALID_STATE"}
[2026-09-17 15:32:16] [ERROR] unhandledRejection {}
[2026-09-17 15:32:19] [ERROR] unhandledRejection {}
[2026-09-17 15:32:19] [ERROR] unhandledRejection {}
[2026-09-17 15:32:21] [ERROR] unhandledRejection {}
[2026-09-17 15:32:21] [ERROR] unhandledRejection {}
[2026-09-17 15:32:21] [ERROR] unhandledRejection {}
[2026-09-17 15:32:21] [ERROR] unhandledRejection {}
[2026-09-17 15:32:22] [ERROR] unhandledRejection {}
[2026-09-17 15:32:23] [ERROR] unhandledRejection {}
[2026-09-17 15:32:25] [ERROR] [SERVER] {"code":"ECONNRESET"}
[2026-09-17 15:32:25] [ERROR] [SERVER] [X-LC-ID-iBqJqfUKekJ6AA==] json api exception {"url":"/recaptcha/releases/zqB-6Xpbd3lCIvi7Tr2D0pob/recaptcha__en.js","error":{"code":"ECONNRESET"}}
[2026-09-17 15:32:25] [ERROR] unhandledRejection {"code":"ERR_INVALID_STATE"}
[2026-09-17 15:32:25] [ERROR] unhandledRejection {}
[2026-09-17 15:32:25] [ERROR] unhandledRejection {}
[2026-09-17 15:32:25] [ERROR] unhandledRejection {}
[2026-09-17 15:32:25] [ERROR] unhandledRejection {}
[2026-09-17 15:32:25] [WARN] [INIT] auto clear log: C:\Users\User\OneDrive\Documents\EasyEDA-Pro\logs
[2026-09-17 15:32:26] [ERROR] unhandledRejection {}
[2026-09-17 15:32:26] [ERROR] unhandledRejection {}
[2026-09-17 15:32:31] [ERROR] unhandledRejection {}
[2026-09-17 15:33:25] [WARN] [INIT] auto clear log: C:\Users\User\OneDrive\Documents\EasyEDA-Pro\logs
[2026-09-17 15:34:25] [WARN] [INIT] auto clear log: C:\Users\User\OneDrive\Documents\EasyEDA-Pro\logs
[2026-09-17 15:35:25] [WARN] [INIT] auto clear log: C:\Users\User\OneDrive\Documents\EasyEDA-Pro\logs
[2026-09-17 15:36:10] [ERROR] unhandledRejection {}
[2026-09-17 15:36:10] [ERROR] unhandledRejection {}
[2026-09-17 15:36:15] [ERROR] unhandledRejection {}
[2026-09-17 15:37:05] [WARN] [INIT] auto clear log: C:\Users\User\OneDrive\Documents\EasyEDA-Pro\logs
[2026-09-17 15:38:05] [WARN] [INIT] auto clear log: C:\Users\User\OneDrive\Documents\EasyEDA-Pro\logs
[2026-09-17 15:39:05] [WARN] [INIT] auto clear log: C:\Users\User\OneDrive\Documents\EasyEDA-Pro\logs
[2026-09-17 15:40:05] [WARN] [INIT] auto clear log: C:\Users\User\OneDrive\Documents\EasyEDA-Pro\logs
[2026-09-17 15:41:05] [WARN] [INIT] auto clear log: C:\Users\User\OneDrive\Documents\EasyEDA-Pro\logs
[2026-09-17 15:42:05] [WARN] [INIT] auto clear log: C:\Users\User\OneDrive\Documents\EasyEDA-Pro\logs
[2026-09-17 15:43:05] [WARN] [INIT] auto clear log: C:\Users\User\OneDrive\Documents\EasyEDA-Pro\logs
[2026-09-17 15:44:05] [WARN] [INIT] auto clear log: C:\Users\User\OneDrive\Documents\EasyEDA-Pro\logs
[2026-09-17 15:45:05] [WARN] [INIT] auto clear log: C:\Users\User\OneDrive\Documents\EasyEDA-Pro\logs
[2026-09-17 15:46:05] [WARN] [INIT] auto clear log: C:\Users\User\OneDrive\Documents\EasyEDA-Pro\logs
[2026-09-17 15:47:05] [WARN] [INIT] auto clear log: C:\Users\User\OneDrive\Documents\EasyEDA-Pro\logs
[2026-09-17 15:48:05] [WARN] [INIT] auto clear log: C:\Users\User\OneDrive\Documents\EasyEDA-Pro\logs
[2026-09-17 15:49:05] [WARN] [INIT] auto clear log: C:\Users\User\OneDrive\Documents\EasyEDA-Pro\logs
[2026-09-17 15:50:05] [WARN] [INIT] auto clear log: C:\Users\User\OneDrive\Documents\EasyEDA-Pro\logs
[2026-09-17 15:51:05] [WARN] [INIT] auto clear log: C:\Users\User\OneDrive\Documents\EasyEDA-Pro\logs
[2026-09-17 15:52:05] [WARN] [INIT] auto clear log: C:\Users\User\OneDrive\Documents\EasyEDA-Pro\logs
[2026-09-17 15:53:05] [WARN] [INIT] auto clear log: C:\Users\User\OneDrive\Documents\EasyEDA-Pro\logs
[2026-09-17 15:54:05] [WARN] [INIT] auto clear log: C:\Users\User\OneDrive\Documents\EasyEDA-Pro\logs
[2026-09-17 15:55:05] [WARN] [INIT] auto clear log: C:\Users\User\OneDrive\Documents\EasyEDA-Pro\logs
[2026-09-17 15:56:05] [WARN] [INIT] auto clear log: C:\Users\User\OneDrive\Documents\EasyEDA-Pro\logs
[2026-09-17 15:57:05] [WARN] [INIT] auto clear log: C:\Users\User\OneDrive\Documents\EasyEDA-Pro\logs
[2026-09-17 15:58:05] [WARN] [INIT] auto clear log: C:\Users\User\OneDrive\Documents\EasyEDA-Pro\logs
[2026-09-17 15:59:05] [WARN] [INIT] auto clear log: C:\Users\User\OneDrive\Documents\EasyEDA-Pro\logs
[2026-09-17 16:00:05] [WARN] [INIT] auto clear log: C:\Users\User\OneDrive\Documents\EasyEDA-Pro\logs
[2026-09-17 16:01:05] [WARN] [INIT] auto clear log: C:\Users\User\OneDrive\Documents\EasyEDA-Pro\logs
[2026-09-17 16:02:05] [WARN] [INIT] auto clear log: C:\Users\User\OneDrive\Documents\EasyEDA-Pro\logs
[2026-09-17 16:03:05] [WARN] [INIT] auto clear log: C:\Users\User\OneDrive\Documents\EasyEDA-Pro\logs
[2026-09-17 16:04:05] [WARN] [INIT] auto clear log: C:\Users\User\OneDrive\Documents\EasyEDA-Pro\logs
[2026-09-17 16:05:05] [WARN] [INIT] auto clear log: C:\Users\User\OneDrive\Documents\EasyEDA-Pro\logs
[2026-09-17 16:06:05] [WARN] [INIT] auto clear log: C:\Users\User\OneDrive\Documents\EasyEDA-Pro\logs
[2026-09-17 16:07:05] [WARN] [INIT] auto clear log: C:\Users\User\OneDrive\Documents\EasyEDA-Pro\logs
[2026-09-17 16:08:05] [WARN] [INIT] auto clear log: C:\Users\User\OneDrive\Documents\EasyEDA-Pro\logs
[2026-09-17 16:09:05] [WARN] [INIT] auto clear log: C:\Users\User\OneDrive\Documents\EasyEDA-Pro\logs
[2026-09-17 16:10:05] [WARN] [INIT] auto clear log: C:\Users\User\OneDrive\Documents\EasyEDA-Pro\logs
[2026-09-17 16:11:05] [WARN] [INIT] auto clear log: C:\Users\User\OneDrive\Documents\EasyEDA-Pro\logs
[2026-09-17 16:12:05] [WARN] [INIT] auto clear log: C:\Users\User\OneDrive\Documents\EasyEDA-Pro\logs
[2026-09-17 16:13:05] [WARN] [INIT] auto clear log: C:\Users\User\OneDrive\Documents\EasyEDA-Pro\logs
[2026-09-17 16:14:05] [WARN] [INIT] auto clear log: C:\Users\User\OneDrive\Documents\EasyEDA-Pro\logs
[2026-09-17 16:15:05] [WARN] [INIT] auto clear log: C:\Users\User\OneDrive\Documents\EasyEDA-Pro\logs
[2026-09-17 16:16:05] [WARN] [INIT] auto clear log: C:\Users\User\OneDrive\Documents\EasyEDA-Pro\logs
[2026-09-17 16:17:05] [WARN] [INIT] auto clear log: C:\Users\User\OneDrive\Documents\EasyEDA-Pro\logs
[2026-09-17 16:18:05] [WARN] [INIT] auto clear log: C:\Users\User\OneDrive\Documents\EasyEDA-Pro\logs
[2026-09-17 16:19:05] [WARN] [INIT] auto clear log: C:\Users\User\OneDrive\Documents\EasyEDA-Pro\logs
[2026-09-17 16:20:05] [WARN] [INIT] auto clear log: C:\Users\User\OneDrive\Documents\EasyEDA-Pro\logs
[2026-09-17 16:21:05] [WARN] [INIT] auto clear log: C:\Users\User\OneDrive\Documents\EasyEDA-Pro\logs
[2026-09-17 16:22:05] [WARN] [INIT] auto clear log: C:\Users\User\OneDrive\Documents\EasyEDA-Pro\logs
[2026-09-17 16:23:05] [WARN] [INIT] auto clear log: C:\Users\User\OneDrive\Documents\EasyEDA-Pro\logs
[2026-09-17 16:24:05] [WARN] [INIT] auto clear log: C:\Users\User\OneDrive\Documents\EasyEDA-Pro\logs
[2026-09-17 16:25:05] [WARN] [INIT] auto clear log: C:\Users\User\OneDrive\Documents\EasyEDA-Pro\logs
[2026-09-17 16:26:05] [WARN] [INIT] auto clear log: C:\Users\User\OneDrive\Documents\EasyEDA-Pro\logs
[2026-09-17 16:26:21] [ERROR] [SERVER] [X-LC-ID-zNTsvPgKekK1AA==] {"errno":-3008,"code":"ENOTFOUND","syscall":"getaddrinfo","hostname":"pro.easyeda.com"}
[2026-09-17 16:27:05] [WARN] [INIT] auto clear log: C:\Users\User\OneDrive\Documents\EasyEDA-Pro\logs
[2026-09-17 16:28:05] [WARN] [INIT] auto clear log: C:\Users\User\OneDrive\Documents\EasyEDA-Pro\logs
[2026-09-17 16:29:05] [WARN] [INIT] auto clear log: C:\Users\User\OneDrive\Documents\EasyEDA-Pro\logs
[2026-09-17 16:30:05] [WARN] [INIT] auto clear log: C:\Users\User\OneDrive\Documents\EasyEDA-Pro\logs
[2026-09-17 16:31:05] [WARN] [INIT] auto clear log: C:\Users\User\OneDrive\Documents\EasyEDA-Pro\logs
[2026-09-17 16:32:05] [WARN] [INIT] auto clear log: C:\Users\User\OneDrive\Documents\EasyEDA-Pro\logs
[2026-09-17 16:33:05] [WARN] [INIT] auto clear log: C:\Users\User\OneDrive\Documents\EasyEDA-Pro\logs
[2026-09-17 16:34:05] [WARN] [INIT] auto clear log: C:\Users\User\OneDrive\Documents\EasyEDA-Pro\logs
[2026-09-17 16:35:05] [WARN] [INIT] auto clear log: C:\Users\User\OneDrive\Documents\EasyEDA-Pro\logs
[2026-09-17 16:36:05] [WARN] [INIT] auto clear log: C:\Users\User\OneDrive\Documents\EasyEDA-Pro\logs
[2026-09-17 16:37:05] [WARN] [INIT] auto clear log: C:\Users\User\OneDrive\Documents\EasyEDA-Pro\logs
[2026-09-17 16:38:05] [WARN] [INIT] auto clear log: C:\Users\User\OneDrive\Documents\EasyEDA-Pro\logs
[2026-09-17 16:39:05] [WARN] [INIT] auto clear log: C:\Users\User\OneDrive\Documents\EasyEDA-Pro\logs
[2026-09-17 16:40:05] [WARN] [INIT] auto clear log: C:\Users\User\OneDrive\Documents\EasyEDA-Pro\logs
[2026-09-17 16:41:05] [WARN] [INIT] auto clear log: C:\Users\User\OneDrive\Documents\EasyEDA-Pro\logs
[2026-09-17 16:42:05] [WARN] [INIT] auto clear log: C:\Users\User\OneDrive\Documents\EasyEDA-Pro\logs
[2026-09-17 16:43:05] [WARN] [INIT] auto clear log: C:\Users\User\OneDrive\Documents\EasyEDA-Pro\logs
[2026-09-17 16:44:05] [WARN] [INIT] auto clear log: C:\Users\User\OneDrive\Documents\EasyEDA-Pro\logs
[2026-09-17 16:45:05] [WARN] [INIT] auto clear log: C:\Users\User\OneDrive\Documents\EasyEDA-Pro\logs
[2026-09-17 16:46:05] [WARN] [INIT] auto clear log: C:\Users\User\OneDrive\Documents\EasyEDA-Pro\logs
[2026-09-17 16:47:05] [WARN] [INIT] auto clear log: C:\Users\User\OneDrive\Documents\EasyEDA-Pro\logs
[2026-09-17 16:48:05] [WARN] [INIT] auto clear log: C:\Users\User\OneDrive\Documents\EasyEDA-Pro\logs
[2026-09-17 16:49:05] [WARN] [INIT] auto clear log: C:\Users\User\OneDrive\Documents\EasyEDA-Pro\logs
[2026-09-17 16:50:05] [WARN] [INIT] auto clear log: C:\Users\User\OneDrive\Documents\EasyEDA-Pro\logs
[2026-09-17 16:51:05] [WARN] [INIT] auto clear log: C:\Users\User\OneDrive\Documents\EasyEDA-Pro\logs
[2026-09-17 16:52:05] [WARN] [INIT] auto clear log: C:\Users\User\OneDrive\Documents\EasyEDA-Pro\logs
[2026-09-17 16:53:05] [WARN] [INIT] auto clear log: C:\Users\User\OneDrive\Documents\EasyEDA-Pro\logs
[2026-09-17 16:54:05] [WARN] [INIT] auto clear log: C:\Users\User\OneDrive\Documents\EasyEDA-Pro\logs
[2026-09-17 16:55:05] [WARN] [INIT] auto clear log: C:\Users\User\OneDrive\Documents\EasyEDA-Pro\logs
[2026-09-17 16:56:05] [WARN] [INIT] auto clear log: C:\Users\User\OneDrive\Documents\EasyEDA-Pro\logs
[2026-09-17 16:57:05] [WARN] [INIT] auto clear log: C:\Users\User\OneDrive\Documents\EasyEDA-Pro\logs
[2026-09-17 16:58:05] [WARN] [INIT] auto clear log: C:\Users\User\OneDrive\Documents\EasyEDA-Pro\logs
[2026-09-17 16:59:05] [WARN] [INIT] auto clear log: C:\Users\User\OneDrive\Documents\EasyEDA-Pro\logs
[2026-09-17 17:00:05] [WARN] [INIT] auto clear log: C:\Users\User\OneDrive\Documents\EasyEDA-Pro\logs
[2026-09-17 17:01:05] [WARN] [INIT] auto clear log: C:\Users\User\OneDrive\Documents\EasyEDA-Pro\logs
[2026-09-17 18:21:49] [WARN] [INIT] auto clear log: C:\Users\User\OneDrive\Documents\EasyEDA-Pro\logs
[2026-09-17 18:22:49] [WARN] [INIT] auto clear log: C:\Users\User\OneDrive\Documents\EasyEDA-Pro\logs
[2026-09-17 18:23:49] [WARN] [INIT] auto clear log: C:\Users\User\OneDrive\Documents\EasyEDA-Pro\logs
[2026-09-17 18:24:49] [WARN] [INIT] auto clear log: C:\Users\User\OneDrive\Documents\EasyEDA-Pro\logs
[2026-09-17 18:25:49] [WARN] [INIT] auto clear log: C:\Users\User\OneDrive\Documents\EasyEDA-Pro\logs
[2026-09-17 18:26:49] [WARN] [INIT] auto clear log: C:\Users\User\OneDrive\Documents\EasyEDA-Pro\logs
[2026-09-17 18:26:55] [ERROR] [SERVER] [X-LC-ID-HXHgpf8KekKZAA==] {"errno":-3008,"code":"ENOTFOUND","syscall":"getaddrinfo","hostname":"pro.easyeda.com"}
[2026-09-17 18:27:49] [WARN] [INIT] auto clear log: C:\Users\User\OneDrive\Documents\EasyEDA-Pro\logs
[2026-09-17 18:28:49] [WARN] [INIT] auto clear log: C:\Users\User\OneDrive\Documents\EasyEDA-Pro\logs
[2026-09-17 18:29:02] [ERROR] [SERVER] [X-LC-ID-3mngxP8KekIrAA==] {"errno":-3008,"code":"ENOTFOUND","syscall":"getaddrinfo","hostname":"pro.easyeda.com"}
[2026-09-17 18:29:03] [ERROR] [SERVER] [X-LC-ID-SX/jxP8KekIbAA==] {"errno":-3008,"code":"ENOTFOUND","syscall":"getaddrinfo","hostname":"pro.easyeda.com"}
[2026-09-17 18:29:03] [ERROR] [SERVER] [X-LC-ID-0vrkxP8KekK4AA==] {"errno":-3008,"code":"ENOTFOUND","syscall":"getaddrinfo","hostname":"pro.easyeda.com"}
[2026-09-17 18:29:03] [ERROR] [SERVER] [X-LC-ID-utfmxP8KekJbAA==] {"errno":-3008,"code":"ENOTFOUND","syscall":"getaddrinfo","hostname":"pro.easyeda.com"}
[2026-09-17 18:29:03] [ERROR] [SERVER] [X-LC-ID-IUzoxP8KekLVAA==] {"errno":-3008,"code":"ENOTFOUND","syscall":"getaddrinfo","hostname":"pro.easyeda.com"}
[2026-09-17 18:29:03] [ERROR] [SERVER] [X-LC-ID-7mnpxP8KekJJAA==] {"errno":-3008,"code":"ENOTFOUND","syscall":"getaddrinfo","hostname":"pro.easyeda.com"}
[2026-09-17 18:29:03] [ERROR] [SERVER] [X-LC-ID-K+HqxP8KekI2AA==] {"errno":-3008,"code":"ENOTFOUND","syscall":"getaddrinfo","hostname":"pro.easyeda.com"}
[2026-09-17 18:29:03] [ERROR] [SERVER] [X-LC-ID-96XrxP8KekLWAA==] {"errno":-3008,"code":"ENOTFOUND","syscall":"getaddrinfo","hostname":"pro.easyeda.com"}
[2026-09-17 18:29:03] [ERROR] [SERVER] [X-LC-ID-c3PsxP8KekInAA==] {"errno":-3008,"code":"ENOTFOUND","syscall":"getaddrinfo","hostname":"pro.easyeda.com"}
[2026-09-17 18:29:03] [ERROR] [SERVER] [X-LC-ID-s0nuxP8KekJ0AA==] {"errno":-3008,"code":"ENOTFOUND","syscall":"getaddrinfo","hostname":"pro.easyeda.com"}
[2026-09-17 18:29:03] [ERROR] [SERVER] [X-LC-ID-0sfuxP8KekKjAA==] {"errno":-3008,"code":"ENOTFOUND","syscall":"getaddrinfo","hostname":"pro.easyeda.com"}
[2026-09-17 18:29:03] [ERROR] [SERVER] [X-LC-ID-DD/vxP8KekL/AA==] {"errno":-3008,"code":"ENOTFOUND","syscall":"getaddrinfo","hostname":"pro.easyeda.com"}
[2026-09-17 18:29:03] [ERROR] [SERVER] [X-LC-ID-WbLwxP8KekIYAA==] {"errno":-3008,"code":"ENOTFOUND","syscall":"getaddrinfo","hostname":"pro.easyeda.com"}
[2026-09-17 18:29:03] [ERROR] [SERVER] [X-LC-ID-OEzxxP8KekJVAA==] {"errno":-3008,"code":"ENOTFOUND","syscall":"getaddrinfo","hostname":"pro.easyeda.com"}
[2026-09-17 18:29:03] [ERROR] [SERVER] [X-LC-ID-ORPyxP8KekLDAA==] {"errno":-3008,"code":"ENOTFOUND","syscall":"getaddrinfo","hostname":"pro.easyeda.com"}
[2026-09-17 18:29:03] [ERROR] [SERVER] [X-LC-ID-yK3yxP8KekJPAA==] {"errno":-3008,"code":"ENOTFOUND","syscall":"getaddrinfo","hostname":"pro.easyeda.com"}
[2026-09-17 18:29:03] [ERROR] [SERVER] [X-LC-ID-ECTzxP8KekJDAA==] {"errno":-3008,"code":"ENOTFOUND","syscall":"getaddrinfo","hostname":"pro.easyeda.com"}
[2026-09-17 18:29:03] [ERROR] [SERVER] [X-LC-ID-WuMNxf8KekKNAA==] {"errno":-3008,"code":"ENOTFOUND","syscall":"getaddrinfo","hostname":"pro.easyeda.com"}
[2026-09-17 18:29:03] [ERROR] [SERVER] [X-LC-ID-lx4Pxf8KekI8AA==] {"errno":-3008,"code":"ENOTFOUND","syscall":"getaddrinfo","hostname":"pro.easyeda.com"}
[2026-09-17 18:29:03] [ERROR] [SERVER] [X-LC-ID-9R8Qxf8KekKsAA==] {"errno":-3008,"code":"ENOTFOUND","syscall":"getaddrinfo","hostname":"pro.easyeda.com"}
[2026-09-17 18:29:03] [ERROR] [SERVER] [X-LC-ID-FZQQxf8KekLSAA==] {"errno":-3008,"code":"ENOTFOUND","syscall":"getaddrinfo","hostname":"pro.easyeda.com"}
[2026-09-17 18:29:03] [ERROR] [SERVER] [X-LC-ID-9hoRxf8KekKqAA==] {"errno":-3008,"code":"ENOTFOUND","syscall":"getaddrinfo","hostname":"pro.easyeda.com"}
[2026-09-17 18:29:03] [ERROR] [SERVER] [X-LC-ID-HJ8Rxf8KekIFAA==] {"errno":-3008,"code":"ENOTFOUND","syscall":"getaddrinfo","hostname":"pro.easyeda.com"}
[2026-09-17 18:29:03] [ERROR] [SERVER] [X-LC-ID-nxQSxf8KekJ7AA==] {"errno":-3008,"code":"ENOTFOUND","syscall":"getaddrinfo","hostname":"pro.easyeda.com"}
[2026-09-17 18:29:03] [ERROR] [SERVER] [X-LC-ID-VWwSxf8KekKQAA==] {"errno":-3008,"code":"ENOTFOUND","syscall":"getaddrinfo","hostname":"pro.easyeda.com"}
[2026-09-17 18:29:03] [ERROR] [SERVER] [X-LC-ID-oe0Sxf8KekLuAA==] {"errno":-3008,"code":"ENOTFOUND","syscall":"getaddrinfo","hostname":"pro.easyeda.com"}
[2026-09-17 18:29:03] [ERROR] [SERVER] [X-LC-ID-QnoTxf8KekKDAA==] {"errno":-3008,"code":"ENOTFOUND","syscall":"getaddrinfo","hostname":"pro.easyeda.com"}
[2026-09-17 18:29:03] [ERROR] [SERVER] [X-LC-ID-GfETxf8KekI+AA==] {"errno":-3008,"code":"ENOTFOUND","syscall":"getaddrinfo","hostname":"pro.easyeda.com"}
[2026-09-17 18:29:03] [ERROR] [SERVER] [X-LC-ID-qmgUxf8KekKEAA==] {"errno":-3008,"code":"ENOTFOUND","syscall":"getaddrinfo","hostname":"pro.easyeda.com"}
[2026-09-17 18:29:03] [ERROR] [SERVER] [X-LC-ID-HsAUxf8KekJYAA==] {"errno":-3008,"code":"ENOTFOUND","syscall":"getaddrinfo","hostname":"pro.easyeda.com"}
[2026-09-17 18:29:03] [ERROR] [SERVER] [X-LC-ID-oTkVxf8KekJYAA==] {"errno":-3008,"code":"ENOTFOUND","syscall":"getaddrinfo","hostname":"pro.easyeda.com"}
[2026-09-17 18:29:03] [ERROR] [SERVER] [X-LC-ID-PY8Vxf8KekLNAA==] {"errno":-3008,"code":"ENOTFOUND","syscall":"getaddrinfo","hostname":"pro.easyeda.com"}
[2026-09-17 18:29:03] [ERROR] [SERVER] [X-LC-ID-5yoWxf8KekKRAA==] {"errno":-3008,"code":"ENOTFOUND","syscall":"getaddrinfo","hostname":"pro.easyeda.com"}
[2026-09-17 18:29:03] [ERROR] [SERVER] [X-LC-ID-RJMWxf8KekL5AA==] {"errno":-3008,"code":"ENOTFOUND","syscall":"getaddrinfo","hostname":"pro.easyeda.com"}
[2026-09-17 18:29:04] [ERROR] [SERVER] [X-LC-ID-qkglxf8KekI/AA==] {"errno":-3008,"code":"ENOTFOUND","syscall":"getaddrinfo","hostname":"pro.easyeda.com"}
[2026-09-17 18:29:04] [ERROR] [SERVER] {"errno":-3008,"code":"ENOTFOUND","syscall":"getaddrinfo","hostname":"modules.easyeda.com"}
[2026-09-17 18:29:04] [ERROR] [SERVER] [X-LC-ID-q8Unxf8KekJXAA==] json api exception {"url":"/3dmodel/ed62e6d533f441a3bd83b115fce5a182","error":{"errno":-3008,"code":"ENOTFOUND","syscall":"getaddrinfo","hostname":"modules.easyeda.com"}}
[2026-09-17 18:29:04] [ERROR] unhandledRejection {"errno":-3008,"code":"ENOTFOUND","syscall":"getaddrinfo","hostname":"modules.easyeda.com"}
[2026-09-17 18:29:04] [ERROR] [SERVER] {"errno":-3008,"code":"ENOTFOUND","syscall":"getaddrinfo","hostname":"modules.easyeda.com"}
[2026-09-17 18:29:04] [ERROR] [SERVER] [X-LC-ID-ztsnxf8KekKrAA==] json api exception {"url":"/3dmodel/7c9983bf978a4fc5a02c9caad056438d","error":{"errno":-3008,"code":"ENOTFOUND","syscall":"getaddrinfo","hostname":"modules.easyeda.com"}}
[2026-09-17 18:29:04] [ERROR] unhandledRejection {"errno":-3008,"code":"ENOTFOUND","syscall":"getaddrinfo","hostname":"modules.easyeda.com"}
[2026-09-17 18:29:04] [ERROR] [SERVER] {"errno":-3008,"code":"ENOTFOUND","syscall":"getaddrinfo","hostname":"modules.easyeda.com"}
[2026-09-17 18:29:04] [ERROR] [SERVER] [X-LC-ID-/DEoxf8KekLzAA==] json api exception {"url":"/3dmodel/197237e4e38c4722bca7c21deff7c24c","error":{"errno":-3008,"code":"ENOTFOUND","syscall":"getaddrinfo","hostname":"modules.easyeda.com"}}
[2026-09-17 18:29:04] [ERROR] unhandledRejection {"errno":-3008,"code":"ENOTFOUND","syscall":"getaddrinfo","hostname":"modules.easyeda.com"}
[2026-09-17 18:29:04] [ERROR] [SERVER] {"errno":-3008,"code":"ENOTFOUND","syscall":"getaddrinfo","hostname":"modules.easyeda.com"}
[2026-09-17 18:29:04] [ERROR] [SERVER] [X-LC-ID-WkYoxf8KekIkAA==] json api exception {"url":"/3dmodel/39d8e4572d564e62a86d2224fc908dd8","error":{"errno":-3008,"code":"ENOTFOUND","syscall":"getaddrinfo","hostname":"modules.easyeda.com"}}
[2026-09-17 18:29:04] [ERROR] unhandledRejection {"errno":-3008,"code":"ENOTFOUND","syscall":"getaddrinfo","hostname":"modules.easyeda.com"}
[2026-09-17 18:29:04] [ERROR] [SERVER] {"errno":-3008,"code":"ENOTFOUND","syscall":"getaddrinfo","hostname":"modules.easyeda.com"}
[2026-09-17 18:29:04] [ERROR] [SERVER] [X-LC-ID-slsoxf8KekK5AA==] json api exception {"url":"/3dmodel/ebc6af6b0c6f45ef98776efe17486e55","error":{"errno":-3008,"code":"ENOTFOUND","syscall":"getaddrinfo","hostname":"modules.easyeda.com"}}
[2026-09-17 18:29:04] [ERROR] unhandledRejection {"errno":-3008,"code":"ENOTFOUND","syscall":"getaddrinfo","hostname":"modules.easyeda.com"}
[2026-09-17 18:29:04] [ERROR] [SERVER] {"errno":-3008,"code":"ENOTFOUND","syscall":"getaddrinfo","hostname":"modules.easyeda.com"}
[2026-09-17 18:29:04] [ERROR] [SERVER] [X-LC-ID-1kQpxf8KekJGAA==] json api exception {"url":"/3dmodel/827419d8d6e54d4aaeb2fa8b4fa87786","error":{"errno":-3008,"code":"ENOTFOUND","syscall":"getaddrinfo","hostname":"modules.easyeda.com"}}
[2026-09-17 18:29:04] [ERROR] unhandledRejection {"errno":-3008,"code":"ENOTFOUND","syscall":"getaddrinfo","hostname":"modules.easyeda.com"}
[2026-09-17 18:29:04] [ERROR] [SERVER] {"errno":-3008,"code":"ENOTFOUND","syscall":"getaddrinfo","hostname":"modules.easyeda.com"}
[2026-09-17 18:29:04] [ERROR] [SERVER] [X-LC-ID-HtEpxf8KekJRAA==] json api exception {"url":"/3dmodel/872af706328b4c66a0ed15a448cb8886","error":{"errno":-3008,"code":"ENOTFOUND","syscall":"getaddrinfo","hostname":"modules.easyeda.com"}}
[2026-09-17 18:29:04] [ERROR] unhandledRejection {"errno":-3008,"code":"ENOTFOUND","syscall":"getaddrinfo","hostname":"modules.easyeda.com"}
[2026-09-17 18:29:04] [ERROR] [SERVER] {"errno":-3008,"code":"ENOTFOUND","syscall":"getaddrinfo","hostname":"modules.easyeda.com"}
[2026-09-17 18:29:04] [ERROR] [SERVER] [X-LC-ID-zBcqxf8KekKeAA==] json api exception {"url":"/3dmodel/112863783b5b41f1b5254f87eedc7932","error":{"errno":-3008,"code":"ENOTFOUND","syscall":"getaddrinfo","hostname":"modules.easyeda.com"}}
[2026-09-17 18:29:04] [ERROR] unhandledRejection {"errno":-3008,"code":"ENOTFOUND","syscall":"getaddrinfo","hostname":"modules.easyeda.com"}
[2026-09-17 18:29:04] [ERROR] [SERVER] {"errno":-3008,"code":"ENOTFOUND","syscall":"getaddrinfo","hostname":"modules.easyeda.com"}
[2026-09-17 18:29:04] [ERROR] [SERVER] [X-LC-ID-V1wqxf8KekIVAA==] json api exception {"url":"/3dmodel/c828fea9a4a04d24ab219172637f1042","error":{"errno":-3008,"code":"ENOTFOUND","syscall":"getaddrinfo","hostname":"modules.easyeda.com"}}
[2026-09-17 18:29:04] [ERROR] unhandledRejection {"errno":-3008,"code":"ENOTFOUND","syscall":"getaddrinfo","hostname":"modules.easyeda.com"}
[2026-09-17 18:29:04] [ERROR] [SERVER] {"errno":-3008,"code":"ENOTFOUND","syscall":"getaddrinfo","hostname":"modules.easyeda.com"}
[2026-09-17 18:29:04] [ERROR] [SERVER] [X-LC-ID-A3Irxf8KekJZAA==] json api exception {"url":"/3dmodel/fd777b850de34dcdba876a0bddd2905e","error":{"errno":-3008,"code":"ENOTFOUND","syscall":"getaddrinfo","hostname":"modules.easyeda.com"}}
[2026-09-17 18:29:04] [ERROR] unhandledRejection {"errno":-3008,"code":"ENOTFOUND","syscall":"getaddrinfo","hostname":"modules.easyeda.com"}
[2026-09-17 18:29:04] [ERROR] [SERVER] {"errno":-3008,"code":"ENOTFOUND","syscall":"getaddrinfo","hostname":"modules.easyeda.com"}
[2026-09-17 18:29:04] [ERROR] [SERVER] [X-LC-ID-sdMrxf8KekLTAA==] json api exception {"url":"/3dmodel/9adfdf34b7774b23880141fd3e8b4dbb","error":{"errno":-3008,"code":"ENOTFOUND","syscall":"getaddrinfo","hostname":"modules.easyeda.com"}}
[2026-09-17 18:29:04] [ERROR] unhandledRejection {"errno":-3008,"code":"ENOTFOUND","syscall":"getaddrinfo","hostname":"modules.easyeda.com"}
[2026-09-17 18:29:04] [ERROR] [SERVER] {"errno":-3008,"code":"ENOTFOUND","syscall":"getaddrinfo","hostname":"modules.easyeda.com"}
[2026-09-17 18:29:04] [ERROR] [SERVER] [X-LC-ID-YwEsxf8KekIrAA==] json api exception {"url":"/3dmodel/4e2cebcd99ef44b4a4d9c6788c394ac7","error":{"errno":-3008,"code":"ENOTFOUND","syscall":"getaddrinfo","hostname":"modules.easyeda.com"}}
[2026-09-17 18:29:04] [ERROR] unhandledRejection {"errno":-3008,"code":"ENOTFOUND","syscall":"getaddrinfo","hostname":"modules.easyeda.com"}
[2026-09-17 18:29:04] [ERROR] [SERVER] {"errno":-3008,"code":"ENOTFOUND","syscall":"getaddrinfo","hostname":"modules.easyeda.com"}
[2026-09-17 18:29:04] [ERROR] [SERVER] [X-LC-ID-XjMsxf8KekKEAA==] json api exception {"url":"/3dmodel/136fdc81af5b405db9a9dedb01f13cab","error":{"errno":-3008,"code":"ENOTFOUND","syscall":"getaddrinfo","hostname":"modules.easyeda.com"}}
[2026-09-17 18:29:04] [ERROR] unhandledRejection {"errno":-3008,"code":"ENOTFOUND","syscall":"getaddrinfo","hostname":"modules.easyeda.com"}
[2026-09-17 18:29:04] [ERROR] [SERVER] {"errno":-3008,"code":"ENOTFOUND","syscall":"getaddrinfo","hostname":"modules.easyeda.com"}
[2026-09-17 18:29:04] [ERROR] [SERVER] [X-LC-ID-kGEsxf8KekKLAA==] json api exception {"url":"/3dmodel/e1f07ab671b747a9806e0f58fb503569","error":{"errno":-3008,"code":"ENOTFOUND","syscall":"getaddrinfo","hostname":"modules.easyeda.com"}}
[2026-09-17 18:29:04] [ERROR] unhandledRejection {"errno":-3008,"code":"ENOTFOUND","syscall":"getaddrinfo","hostname":"modules.easyeda.com"}
[2026-09-17 18:29:04] [ERROR] [SERVER] {"errno":-3008,"code":"ENOTFOUND","syscall":"getaddrinfo","hostname":"modules.easyeda.com"}
[2026-09-17 18:29:04] [ERROR] [SERVER] [X-LC-ID-4e4sxf8KekJRAA==] json api exception {"url":"/3dmodel/cd09b668f5b644b5a60b149511e2320a","error":{"errno":-3008,"code":"ENOTFOUND","syscall":"getaddrinfo","hostname":"modules.easyeda.com"}}
[2026-09-17 18:29:04] [ERROR] unhandledRejection {"errno":-3008,"code":"ENOTFOUND","syscall":"getaddrinfo","hostname":"modules.easyeda.com"}
[2026-09-17 18:29:04] [ERROR] [SERVER] {"errno":-3008,"code":"ENOTFOUND","syscall":"getaddrinfo","hostname":"modules.easyeda.com"}
[2026-09-17 18:29:04] [ERROR] [SERVER] [X-LC-ID-HS0txf8KekJUAA==] json api exception {"url":"/3dmodel/163c0e6cc94b4409af3811ba70809250","error":{"errno":-3008,"code":"ENOTFOUND","syscall":"getaddrinfo","hostname":"modules.easyeda.com"}}
[2026-09-17 18:29:04] [ERROR] unhandledRejection {"errno":-3008,"code":"ENOTFOUND","syscall":"getaddrinfo","hostname":"modules.easyeda.com"}
[2026-09-17 18:29:04] [ERROR] [SERVER] {"errno":-3008,"code":"ENOTFOUND","syscall":"getaddrinfo","hostname":"modules.easyeda.com"}
[2026-09-17 18:29:04] [ERROR] [SERVER] [X-LC-ID-SFAtxf8KekLhAA==] json api exception {"url":"/3dmodel/42793ddf4bbd4e6eac1a6801e3797bf2","error":{"errno":-3008,"code":"ENOTFOUND","syscall":"getaddrinfo","hostname":"modules.easyeda.com"}}
[2026-09-17 18:29:04] [ERROR] unhandledRejection {"errno":-3008,"code":"ENOTFOUND","syscall":"getaddrinfo","hostname":"modules.easyeda.com"}
[2026-09-17 18:29:49] [WARN] [INIT] auto clear log: C:\Users\User\OneDrive\Documents\EasyEDA-Pro\logs
[2026-09-17 18:30:49] [WARN] [INIT] auto clear log: C:\Users\User\OneDrive\Documents\EasyEDA-Pro\logs
[2026-09-17 18:30:50] [ERROR] [SERVER] {"errno":-3008,"code":"ENOTFOUND","syscall":"getaddrinfo","hostname":"analytics.google.com"}
[2026-09-17 18:30:50] [ERROR] [SERVER] [X-LC-ID-sL8V3/8KekJwAA==] json api exception {"url":"/g/collect","error":{"errno":-3008,"code":"ENOTFOUND","syscall":"getaddrinfo","hostname":"analytics.google.com"}}
[2026-09-17 18:30:50] [ERROR] unhandledRejection {"errno":-3008,"code":"ENOTFOUND","syscall":"getaddrinfo","hostname":"analytics.google.com"}
[2026-09-17 18:30:50] [ERROR] [SERVER] {"errno":-3008,"code":"ENOTFOUND","syscall":"getaddrinfo","hostname":"stats.g.doubleclick.net"}
[2026-09-17 18:30:50] [ERROR] [SERVER] [X-LC-ID-Q/QV3/8KekJNAA==] json api exception {"url":"/g/collect","error":{"errno":-3008,"code":"ENOTFOUND","syscall":"getaddrinfo","hostname":"stats.g.doubleclick.net"}}
[2026-09-17 18:30:50] [ERROR] unhandledRejection {"errno":-3008,"code":"ENOTFOUND","syscall":"getaddrinfo","hostname":"stats.g.doubleclick.net"}
[2026-09-17 18:30:50] [ERROR] [SERVER] {"errno":-3008,"code":"ENOTFOUND","syscall":"getaddrinfo","hostname":"www.google.co.tz"}
[2026-09-17 18:30:50] [ERROR] [SERVER] [X-LC-ID-060Y3/8KekJ8AA==] json api exception {"url":"/ads/ga-audiences","error":{"errno":-3008,"code":"ENOTFOUND","syscall":"getaddrinfo","hostname":"www.google.co.tz"}}
[2026-09-17 18:30:50] [ERROR] unhandledRejection {"errno":-3008,"code":"ENOTFOUND","syscall":"getaddrinfo","hostname":"www.google.co.tz"}
[2026-09-17 21:07:20] [ERROR] unhandledRejection {"errno":8,"code":"SQLITE_READONLY"}
[2026-09-17 21:07:23] [ERROR] [SERVER] {"errno":-3008,"code":"ENOTFOUND","syscall":"getaddrinfo","hostname":"www.googletagmanager.com"}
[2026-09-17 21:07:23] [ERROR] [SERVER] [X-LC-ID-+NI21AgLekL7AA==] json api exception {"url":"/gtag/js","error":{"errno":-3008,"code":"ENOTFOUND","syscall":"getaddrinfo","hostname":"www.googletagmanager.com"}}
[2026-09-17 21:07:23] [ERROR] unhandledRejection {"errno":-3008,"code":"ENOTFOUND","syscall":"getaddrinfo","hostname":"www.googletagmanager.com"}
[2026-09-17 21:07:26] [ERROR] [SERVER] [X-LC-ID-lg2L1AgLekItAA==] {"errno":-3008,"code":"ENOTFOUND","syscall":"getaddrinfo","hostname":"pro.easyeda.com"}
[2026-09-17 21:07:26] [ERROR] [SERVER] [X-LC-ID-yZ+X1AgLekKgAA==] {"errno":-3008,"code":"ENOTFOUND","syscall":"getaddrinfo","hostname":"pro.easyeda.com"}
[2026-09-17 21:07:26] [ERROR] [SERVER] [X-LC-ID-TuwT1QgLekJjAA==] {"errno":-3008,"code":"ENOTFOUND","syscall":"getaddrinfo","hostname":"pro.easyeda.com"}
[2026-09-17 21:07:27] [ERROR] [SERVER] [X-LC-ID-0CMu1QgLekJhAA==] {"errno":-3008,"code":"ENOTFOUND","syscall":"getaddrinfo","hostname":"pro.easyeda.com"}
[2026-09-17 21:07:27] [ERROR] [SERVER] [X-LC-ID-4D011QgLekLQAA==] {"errno":-3008,"code":"ENOTFOUND","syscall":"getaddrinfo","hostname":"pro.easyeda.com"}
[2026-09-17 21:07:29] [ERROR] [SERVER] [X-LC-ID-8cC91QgLekLcAA==] device not found 8d450c794bd047cb92c6d45c7b1e1ac8
[2026-09-17 21:07:29] [ERROR] [SERVER] [X-LC-ID-8cC91QgLekLcAA==] device not found 1ac8ddf9a9a946f98ea2d685feff4e01
[2026-09-17 21:07:29] [ERROR] [SERVER] [X-LC-ID-8cC91QgLekLcAA==] device not found b160c2e17c784c08a241de4465fca222
[2026-09-17 21:07:29] [ERROR] [SERVER] [X-LC-ID-8cC91QgLekLcAA==] device not found ec5ac45b7e254c1d84a8625935124f1e
[2026-09-17 21:07:29] [ERROR] [SERVER] [X-LC-ID-8cC91QgLekLcAA==] device not found 048aa00cd3204f50a9c01166f298aacc
[2026-09-17 21:07:29] [ERROR] [SERVER] [X-LC-ID-8cC91QgLekLcAA==] device not found e0711572ce7e452eb162b0e04b74277e
[2026-09-17 21:07:29] [ERROR] [SERVER] [X-LC-ID-8cC91QgLekLcAA==] device not found cd3216d9bc4f404184cba0f0abf8ab6e
[2026-09-17 21:07:29] [ERROR] [SERVER] [X-LC-ID-8cC91QgLekLcAA==] device not found cf9c5e8bb1684430b5abc73e9e7020b7
[2026-09-17 21:07:29] [ERROR] [SERVER] [X-LC-ID-8cC91QgLekLcAA==] device not found 8d450c794bd047cb92c6d45c7b1e1ac8
[2026-09-17 21:07:29] [ERROR] [SERVER] [X-LC-ID-8cC91QgLekLcAA==] device not found 8d450c794bd047cb92c6d45c7b1e1ac8
[2026-09-17 21:07:29] [ERROR] [SERVER] [X-LC-ID-8cC91QgLekLcAA==] device not found 8d450c794bd047cb92c6d45c7b1e1ac8
[2026-09-17 21:07:29] [ERROR] [SERVER] [X-LC-ID-8cC91QgLekLcAA==] device not found bb24dd648e204d77bbc9233f38a72ef7
[2026-09-17 21:07:29] [ERROR] [SERVER] [X-LC-ID-8cC91QgLekLcAA==] device not found bb24dd648e204d77bbc9233f38a72ef7
[2026-09-17 21:07:29] [ERROR] [SERVER] [X-LC-ID-8cC91QgLekLcAA==] device not found 3201eb6ee8b74709b670e2c2cfa829b2
[2026-09-17 21:07:29] [ERROR] [SERVER] [X-LC-ID-8cC91QgLekLcAA==] device not found 7eed248cc93a4b9490c7f3269d2bbe19
[2026-09-17 21:07:29] [ERROR] [SERVER] [X-LC-ID-8cC91QgLekLcAA==] device not found 6d0b719e7bd34c8e8b3b433105463c46
[2026-09-17 21:07:29] [ERROR] [SERVER] [X-LC-ID-8cC91QgLekLcAA==] device not found 4f70a66695294441a9d95a68cf6c0b04
[2026-09-17 21:07:29] [ERROR] [SERVER] [X-LC-ID-8cC91QgLekLcAA==] device not found df69b335204f4509a5ae5df5cdc97a14
[2026-09-17 21:07:29] [ERROR] [SERVER] [X-LC-ID-8cC91QgLekLcAA==] device not found 1aa662ca01074dd4b7c59d9ee0ae5ef8
[2026-09-17 21:07:29] [ERROR] [SERVER] [X-LC-ID-8cC91QgLekLcAA==] device not found 10f51703def24c2c8e15533489a9d404
[2026-09-17 21:07:29] [ERROR] [SERVER] [X-LC-ID-8cC91QgLekLcAA==] device not found b9b752a0be424d8e9fc43121e5cd681c
[2026-09-17 21:07:29] [ERROR] [SERVER] [X-LC-ID-8cC91QgLekLcAA==] device not found bbf3fb045fba419f83ed1e18075c4189
[2026-09-17 21:07:29] [ERROR] [SERVER] [X-LC-ID-8cC91QgLekLcAA==] device not found 9c38742267e74cc99cb4b43daf8f5355
[2026-09-17 21:07:29] [ERROR] [SERVER] [X-LC-ID-8cC91QgLekLcAA==] device not found eff7e71c351249fe8f4e303c8b2b85cc
[2026-09-17 21:07:29] [ERROR] [SERVER] [X-LC-ID-8cC91QgLekLcAA==] device not found 24f1572ddddb42c2abec3b14b1aeb99f
[2026-09-17 21:07:29] [ERROR] [SERVER] [X-LC-ID-8cC91QgLekLcAA==] device not found 93c829a348834d679d8d8a059ea91636
[2026-09-17 21:07:29] [ERROR] [SERVER] [X-LC-ID-8cC91QgLekLcAA==] device not found 1152456e4bb34697bfc17842913252f1
[2026-09-17 21:07:29] [ERROR] [SERVER] [X-LC-ID-8cC91QgLekLcAA==] device not found dc801d7a8953425fb466eee691d69d37
[2026-09-17 21:07:29] [ERROR] [SERVER] [X-LC-ID-8cC91QgLekLcAA==] device not found 6073168119a941bda41c330f8b8e9152
[2026-09-17 21:07:29] [ERROR] [SERVER] [X-LC-ID-8cC91QgLekLcAA==] device not found 139440e937d84e40b10cbbda322091bc
[2026-09-17 21:07:29] [ERROR] [SERVER] [X-LC-ID-8cC91QgLekLcAA==] device not found 0317c12649054b9285e3960ac616091e
[2026-09-17 21:07:29] [ERROR] [SERVER] [X-LC-ID-8cC91QgLekLcAA==] device not found e91d265b5b6141e6a31418fac62344a4
[2026-09-17 21:07:29] [ERROR] [SERVER] [X-LC-ID-8cC91QgLekLcAA==] device not found b41ccb459dcf41e8b2bb835fee5c7177
[2026-09-17 21:07:29] [ERROR] [SERVER] [X-LC-ID-8cC91QgLekLcAA==] device not found 0534164f9ab04448b84d379e07ab6876
[2026-09-17 21:07:29] [ERROR] [SERVER] [X-LC-ID-8cC91QgLekLcAA==] device not found 54d7d6b6acf24d9bba1a605d1f858bb2
[2026-09-17 21:07:29] [ERROR] [SERVER] [X-LC-ID-8cC91QgLekLcAA==] device not found 548c86e8e6bb471782069b78e8c67f67
[2026-09-17 21:07:29] [ERROR] [SERVER] [X-LC-ID-8cC91QgLekLcAA==] device not found 926b34d92d0d444eb75988761982ec59
[2026-09-17 21:07:29] [ERROR] [SERVER] [X-LC-ID-8cC91QgLekLcAA==] device not found 035e6ff02f374c0e9e78a0e542711bab
[2026-09-17 21:07:29] [ERROR] [SERVER] [X-LC-ID-8cC91QgLekLcAA==] device not found 77e4e58c188a4330a8ecb535773aacb1
[2026-09-17 21:07:29] [ERROR] [SERVER] [X-LC-ID-8cC91QgLekLcAA==] device not found a713ecdd66cb4532b9de5713fd6b63b5
[2026-09-17 21:07:29] [ERROR] [SERVER] [X-LC-ID-8cC91QgLekLcAA==] device not found 2e4e71fea06848c9a86eef0ed6338204
[2026-09-17 21:07:29] [ERROR] [SERVER] [X-LC-ID-8cC91QgLekLcAA==] device not found 8bbb548a2b9a4712be2ebcc9fccc3a1c
[2026-09-17 21:07:29] [ERROR] [SERVER] [X-LC-ID-8cC91QgLekLcAA==] device not found 1e49409bec974672828f01a773e33450
[2026-09-17 21:07:29] [ERROR] [SERVER] [X-LC-ID-8cC91QgLekLcAA==] device not found 7dfdb91ec9a24723baca64628d003fcf
[2026-09-17 21:08:20] [WARN] [INIT] auto clear log: C:\Users\User\OneDrive\Documents\EasyEDA-Pro\logs
[2026-09-17 21:09:20] [WARN] [INIT] auto clear log: C:\Users\User\OneDrive\Documents\EasyEDA-Pro\logs
[2026-09-17 21:10:20] [WARN] [INIT] auto clear log: C:\Users\User\OneDrive\Documents\EasyEDA-Pro\logs
[2026-09-17 21:11:16] [ERROR] [SERVER] [X-LC-ID-SB8+DQkLekJYAA==] {"errno":-3008,"code":"ENOTFOUND","syscall":"getaddrinfo","hostname":"pro.easyeda.com"}
[2026-09-17 21:11:16] [ERROR] [SERVER] {"errno":-3008,"code":"ENOTFOUND","syscall":"getaddrinfo","hostname":"modules.easyeda.com"}
[2026-09-17 21:11:16] [ERROR] [SERVER] [X-LC-ID-y6BCDQkLekIYAA==] json api exception {"url":"/3dmodel/ed62e6d533f441a3bd83b115fce5a182","error":{"errno":-3008,"code":"ENOTFOUND","syscall":"getaddrinfo","hostname":"modules.easyeda.com"}}
[2026-09-17 21:11:16] [ERROR] unhandledRejection {"errno":-3008,"code":"ENOTFOUND","syscall":"getaddrinfo","hostname":"modules.easyeda.com"}
[2026-09-17 21:11:16] [ERROR] [SERVER] {"errno":-3008,"code":"ENOTFOUND","syscall":"getaddrinfo","hostname":"modules.easyeda.com"}
[2026-09-17 21:11:16] [ERROR] [SERVER] [X-LC-ID-0rtCDQkLekLMAA==] json api exception {"url":"/3dmodel/7c9983bf978a4fc5a02c9caad056438d","error":{"errno":-3008,"code":"ENOTFOUND","syscall":"getaddrinfo","hostname":"modules.easyeda.com"}}
[2026-09-17 21:11:16] [ERROR] unhandledRejection {"errno":-3008,"code":"ENOTFOUND","syscall":"getaddrinfo","hostname":"modules.easyeda.com"}
[2026-09-17 21:11:16] [ERROR] [SERVER] {"errno":-3008,"code":"ENOTFOUND","syscall":"getaddrinfo","hostname":"modules.easyeda.com"}
[2026-09-17 21:11:16] [ERROR] [SERVER] [X-LC-ID-Is5CDQkLekLkAA==] json api exception {"url":"/3dmodel/197237e4e38c4722bca7c21deff7c24c","error":{"errno":-3008,"code":"ENOTFOUND","syscall":"getaddrinfo","hostname":"modules.easyeda.com"}}
[2026-09-17 21:11:16] [ERROR] unhandledRejection {"errno":-3008,"code":"ENOTFOUND","syscall":"getaddrinfo","hostname":"modules.easyeda.com"}
[2026-09-17 21:11:16] [ERROR] [SERVER] {"errno":-3008,"code":"ENOTFOUND","syscall":"getaddrinfo","hostname":"modules.easyeda.com"}
[2026-09-17 21:11:16] [ERROR] [SERVER] [X-LC-ID-rNxCDQkLekK3AA==] json api exception {"url":"/3dmodel/39d8e4572d564e62a86d2224fc908dd8","error":{"errno":-3008,"code":"ENOTFOUND","syscall":"getaddrinfo","hostname":"modules.easyeda.com"}}
[2026-09-17 21:11:16] [ERROR] unhandledRejection {"errno":-3008,"code":"ENOTFOUND","syscall":"getaddrinfo","hostname":"modules.easyeda.com"}
[2026-09-17 21:11:16] [ERROR] [SERVER] {"errno":-3008,"code":"ENOTFOUND","syscall":"getaddrinfo","hostname":"modules.easyeda.com"}
[2026-09-17 21:11:16] [ERROR] [SERVER] [X-LC-ID-IOlCDQkLekKGAA==] json api exception {"url":"/3dmodel/ebc6af6b0c6f45ef98776efe17486e55","error":{"errno":-3008,"code":"ENOTFOUND","syscall":"getaddrinfo","hostname":"modules.easyeda.com"}}
[2026-09-17 21:11:16] [ERROR] unhandledRejection {"errno":-3008,"code":"ENOTFOUND","syscall":"getaddrinfo","hostname":"modules.easyeda.com"}
[2026-09-17 21:11:16] [ERROR] [SERVER] {"errno":-3008,"code":"ENOTFOUND","syscall":"getaddrinfo","hostname":"modules.easyeda.com"}
[2026-09-17 21:11:16] [ERROR] [SERVER] [X-LC-ID-QTRGDQkLekKhAA==] json api exception {"url":"/3dmodel/827419d8d6e54d4aaeb2fa8b4fa87786","error":{"errno":-3008,"code":"ENOTFOUND","syscall":"getaddrinfo","hostname":"modules.easyeda.com"}}
[2026-09-17 21:11:16] [ERROR] unhandledRejection {"errno":-3008,"code":"ENOTFOUND","syscall":"getaddrinfo","hostname":"modules.easyeda.com"}
[2026-09-17 21:11:16] [ERROR] [SERVER] {"errno":-3008,"code":"ENOTFOUND","syscall":"getaddrinfo","hostname":"modules.easyeda.com"}
[2026-09-17 21:11:16] [ERROR] [SERVER] [X-LC-ID-fW9GDQkLekJVAA==] json api exception {"url":"/3dmodel/872af706328b4c66a0ed15a448cb8886","error":{"errno":-3008,"code":"ENOTFOUND","syscall":"getaddrinfo","hostname":"modules.easyeda.com"}}
[2026-09-17 21:11:16] [ERROR] unhandledRejection {"errno":-3008,"code":"ENOTFOUND","syscall":"getaddrinfo","hostname":"modules.easyeda.com"}
[2026-09-17 21:11:16] [ERROR] [SERVER] {"errno":-3008,"code":"ENOTFOUND","syscall":"getaddrinfo","hostname":"modules.easyeda.com"}
[2026-09-17 21:11:16] [ERROR] [SERVER] [X-LC-ID-F9VJDQkLekIvAA==] json api exception {"url":"/3dmodel/112863783b5b41f1b5254f87eedc7932","error":{"errno":-3008,"code":"ENOTFOUND","syscall":"getaddrinfo","hostname":"modules.easyeda.com"}}
[2026-09-17 21:11:16] [ERROR] unhandledRejection {"errno":-3008,"code":"ENOTFOUND","syscall":"getaddrinfo","hostname":"modules.easyeda.com"}
[2026-09-17 21:11:16] [ERROR] [SERVER] {"errno":-3008,"code":"ENOTFOUND","syscall":"getaddrinfo","hostname":"modules.easyeda.com"}
[2026-09-17 21:11:16] [ERROR] [SERVER] [X-LC-ID-P/NJDQkLekI1AA==] json api exception {"url":"/3dmodel/c828fea9a4a04d24ab219172637f1042","error":{"errno":-3008,"code":"ENOTFOUND","syscall":"getaddrinfo","hostname":"modules.easyeda.com"}}
[2026-09-17 21:11:16] [ERROR] unhandledRejection {"errno":-3008,"code":"ENOTFOUND","syscall":"getaddrinfo","hostname":"modules.easyeda.com"}
[2026-09-17 21:11:16] [ERROR] [SERVER] {"errno":-3008,"code":"ENOTFOUND","syscall":"getaddrinfo","hostname":"modules.easyeda.com"}
[2026-09-17 21:11:16] [ERROR] [SERVER] [X-LC-ID-3alTDQkLekJrAA==] json api exception {"url":"/3dmodel/fd777b850de34dcdba876a0bddd2905e","error":{"errno":-3008,"code":"ENOTFOUND","syscall":"getaddrinfo","hostname":"modules.easyeda.com"}}
[2026-09-17 21:11:16] [ERROR] unhandledRejection {"errno":-3008,"code":"ENOTFOUND","syscall":"getaddrinfo","hostname":"modules.easyeda.com"}
[2026-09-17 21:11:16] [ERROR] [SERVER] {"errno":-3008,"code":"ENOTFOUND","syscall":"getaddrinfo","hostname":"modules.easyeda.com"}
[2026-09-17 21:11:16] [ERROR] [SERVER] [X-LC-ID-QchTDQkLekLGAA==] json api exception {"url":"/3dmodel/9adfdf34b7774b23880141fd3e8b4dbb","error":{"errno":-3008,"code":"ENOTFOUND","syscall":"getaddrinfo","hostname":"modules.easyeda.com"}}
[2026-09-17 21:11:16] [ERROR] unhandledRejection {"errno":-3008,"code":"ENOTFOUND","syscall":"getaddrinfo","hostname":"modules.easyeda.com"}
[2026-09-17 21:11:16] [ERROR] [SERVER] {"errno":-3008,"code":"ENOTFOUND","syscall":"getaddrinfo","hostname":"modules.easyeda.com"}
[2026-09-17 21:11:16] [ERROR] [SERVER] [X-LC-ID-ZvBTDQkLekJsAA==] json api exception {"url":"/3dmodel/4e2cebcd99ef44b4a4d9c6788c394ac7","error":{"errno":-3008,"code":"ENOTFOUND","syscall":"getaddrinfo","hostname":"modules.easyeda.com"}}
[2026-09-17 21:11:16] [ERROR] unhandledRejection {"errno":-3008,"code":"ENOTFOUND","syscall":"getaddrinfo","hostname":"modules.easyeda.com"}
[2026-09-17 21:11:17] [ERROR] [SERVER] {"errno":-3008,"code":"ENOTFOUND","syscall":"getaddrinfo","hostname":"modules.easyeda.com"}
[2026-09-17 21:11:17] [ERROR] [SERVER] [X-LC-ID-7Q1UDQkLekKrAA==] json api exception {"url":"/3dmodel/136fdc81af5b405db9a9dedb01f13cab","error":{"errno":-3008,"code":"ENOTFOUND","syscall":"getaddrinfo","hostname":"modules.easyeda.com"}}
[2026-09-17 21:11:17] [ERROR] unhandledRejection {"errno":-3008,"code":"ENOTFOUND","syscall":"getaddrinfo","hostname":"modules.easyeda.com"}
[2026-09-17 21:11:17] [ERROR] [SERVER] {"errno":-3008,"code":"ENOTFOUND","syscall":"getaddrinfo","hostname":"modules.easyeda.com"}
[2026-09-17 21:11:17] [ERROR] [SERVER] [X-LC-ID-NH5WDQkLekLlAA==] json api exception {"url":"/3dmodel/e1f07ab671b747a9806e0f58fb503569","error":{"errno":-3008,"code":"ENOTFOUND","syscall":"getaddrinfo","hostname":"modules.easyeda.com"}}
[2026-09-17 21:11:17] [ERROR] unhandledRejection {"errno":-3008,"code":"ENOTFOUND","syscall":"getaddrinfo","hostname":"modules.easyeda.com"}
[2026-09-17 21:11:17] [ERROR] [SERVER] {"errno":-3008,"code":"ENOTFOUND","syscall":"getaddrinfo","hostname":"modules.easyeda.com"}
[2026-09-17 21:11:17] [ERROR] [SERVER] [X-LC-ID-uitXDQkLekLGAA==] json api exception {"url":"/3dmodel/cd09b668f5b644b5a60b149511e2320a","error":{"errno":-3008,"code":"ENOTFOUND","syscall":"getaddrinfo","hostname":"modules.easyeda.com"}}
[2026-09-17 21:11:17] [ERROR] unhandledRejection {"errno":-3008,"code":"ENOTFOUND","syscall":"getaddrinfo","hostname":"modules.easyeda.com"}
[2026-09-17 21:11:17] [ERROR] [SERVER] {"errno":-3008,"code":"ENOTFOUND","syscall":"getaddrinfo","hostname":"modules.easyeda.com"}
[2026-09-17 21:11:17] [ERROR] [SERVER] [X-LC-ID-hUdXDQkLekIwAA==] json api exception {"url":"/3dmodel/163c0e6cc94b4409af3811ba70809250","error":{"errno":-3008,"code":"ENOTFOUND","syscall":"getaddrinfo","hostname":"modules.easyeda.com"}}
[2026-09-17 21:11:17] [ERROR] unhandledRejection {"errno":-3008,"code":"ENOTFOUND","syscall":"getaddrinfo","hostname":"modules.easyeda.com"}
[2026-09-17 21:11:17] [ERROR] [SERVER] {"errno":-3008,"code":"ENOTFOUND","syscall":"getaddrinfo","hostname":"modules.easyeda.com"}
[2026-09-17 21:11:17] [ERROR] [SERVER] [X-LC-ID-NWpXDQkLekKLAA==] json api exception {"url":"/3dmodel/42793ddf4bbd4e6eac1a6801e3797bf2","error":{"errno":-3008,"code":"ENOTFOUND","syscall":"getaddrinfo","hostname":"modules.easyeda.com"}}
[2026-09-17 21:11:17] [ERROR] unhandledRejection {"errno":-3008,"code":"ENOTFOUND","syscall":"getaddrinfo","hostname":"modules.easyeda.com"}
[2026-09-17 21:11:20] [WARN] [INIT] auto clear log: C:\Users\User\OneDrive\Documents\EasyEDA-Pro\logs
[2026-09-17 21:12:20] [WARN] [INIT] auto clear log: C:\Users\User\OneDrive\Documents\EasyEDA-Pro\logs
[2026-09-17 21:12:26] [ERROR] [SERVER] [X-LC-ID-h/tSHgkLekK4AA==] {"errno":-3008,"code":"ENOTFOUND","syscall":"getaddrinfo","hostname":"pro.easyeda.com"}
[2026-09-17 21:13:20] [WARN] [INIT] auto clear log: C:\Users\User\OneDrive\Documents\EasyEDA-Pro\logs
[2026-09-17 21:14:20] [WARN] [INIT] auto clear log: C:\Users\User\OneDrive\Documents\EasyEDA-Pro\logs
[2026-09-17 21:15:20] [WARN] [INIT] auto clear log: C:\Users\User\OneDrive\Documents\EasyEDA-Pro\logs
[2026-09-17 21:16:20] [WARN] [INIT] auto clear log: C:\Users\User\OneDrive\Documents\EasyEDA-Pro\logs
[2026-09-17 21:17:20] [WARN] [INIT] auto clear log: C:\Users\User\OneDrive\Documents\EasyEDA-Pro\logs
[2026-09-17 21:17:26] [ERROR] [SERVER] [X-LC-ID-vwuRZwkLekLTAA==] {"errno":-3008,"code":"ENOTFOUND","syscall":"getaddrinfo","hostname":"pro.easyeda.com"}
[2026-09-17 21:18:20] [WARN] [INIT] auto clear log: C:\Users\User\OneDrive\Documents\EasyEDA-Pro\logs
[2026-09-17 21:19:20] [WARN] [INIT] auto clear log: C:\Users\User\OneDrive\Documents\EasyEDA-Pro\logs
[2026-09-17 21:20:20] [WARN] [INIT] auto clear log: C:\Users\User\OneDrive\Documents\EasyEDA-Pro\logs
[2026-09-17 21:21:20] [WARN] [INIT] auto clear log: C:\Users\User\OneDrive\Documents\EasyEDA-Pro\logs
[2026-09-17 21:22:20] [WARN] [INIT] auto clear log: C:\Users\User\OneDrive\Documents\EasyEDA-Pro\logs
[2026-09-17 21:22:26] [ERROR] [SERVER] [X-LC-ID-+ubPsAkLekK2AA==] {"errno":-3008,"code":"ENOTFOUND","syscall":"getaddrinfo","hostname":"pro.easyeda.com"}
[2026-09-17 21:23:20] [WARN] [INIT] auto clear log: C:\Users\User\OneDrive\Documents\EasyEDA-Pro\logs
[2026-09-17 21:24:20] [WARN] [INIT] auto clear log: C:\Users\User\OneDrive\Documents\EasyEDA-Pro\logs
[2026-09-17 21:25:20] [WARN] [INIT] auto clear log: C:\Users\User\OneDrive\Documents\EasyEDA-Pro\logs
[2026-09-17 21:26:20] [WARN] [INIT] auto clear log: C:\Users\User\OneDrive\Documents\EasyEDA-Pro\logs
[2026-09-17 21:27:20] [WARN] [INIT] auto clear log: C:\Users\User\OneDrive\Documents\EasyEDA-Pro\logs
[2026-09-17 21:27:26] [ERROR] [SERVER] [X-LC-ID-+FsO+gkLekK3AA==] {"errno":-3008,"code":"ENOTFOUND","syscall":"getaddrinfo","hostname":"pro.easyeda.com"}
[2026-09-17 21:28:20] [WARN] [INIT] auto clear log: C:\Users\User\OneDrive\Documents\EasyEDA-Pro\logs
[2026-09-17 21:29:20] [WARN] [INIT] auto clear log: C:\Users\User\OneDrive\Documents\EasyEDA-Pro\logs
[2026-09-17 21:30:20] [WARN] [INIT] auto clear log: C:\Users\User\OneDrive\Documents\EasyEDA-Pro\logs
[2026-09-17 21:31:20] [WARN] [INIT] auto clear log: C:\Users\User\OneDrive\Documents\EasyEDA-Pro\logs
[2026-09-17 21:32:20] [WARN] [INIT] auto clear log: C:\Users\User\OneDrive\Documents\EasyEDA-Pro\logs
[2026-09-17 21:33:20] [WARN] [INIT] auto clear log: C:\Users\User\OneDrive\Documents\EasyEDA-Pro\logs
[2026-09-17 21:34:20] [WARN] [INIT] auto clear log: C:\Users\User\OneDrive\Documents\EasyEDA-Pro\logs
[2026-09-17 21:35:20] [WARN] [INIT] auto clear log: C:\Users\User\OneDrive\Documents\EasyEDA-Pro\logs
[2026-09-17 21:36:20] [WARN] [INIT] auto clear log: C:\Users\User\OneDrive\Documents\EasyEDA-Pro\logs
[2026-09-17 21:37:20] [WARN] [INIT] auto clear log: C:\Users\User\OneDrive\Documents\EasyEDA-Pro\logs
[2026-09-17 21:38:20] [WARN] [INIT] auto clear log: C:\Users\User\OneDrive\Documents\EasyEDA-Pro\logs
[2026-09-17 21:39:20] [WARN] [INIT] auto clear log: C:\Users\User\OneDrive\Documents\EasyEDA-Pro\logs
[2026-09-17 21:40:20] [WARN] [INIT] auto clear log: C:\Users\User\OneDrive\Documents\EasyEDA-Pro\logs
[2026-09-17 21:41:20] [WARN] [INIT] auto clear log: C:\Users\User\OneDrive\Documents\EasyEDA-Pro\logs
[2026-09-17 21:42:20] [WARN] [INIT] auto clear log: C:\Users\User\OneDrive\Documents\EasyEDA-Pro\logs
[2026-09-17 21:43:20] [WARN] [INIT] auto clear log: C:\Users\User\OneDrive\Documents\EasyEDA-Pro\logs
[2026-09-17 21:44:20] [WARN] [INIT] auto clear log: C:\Users\User\OneDrive\Documents\EasyEDA-Pro\logs
[2026-09-17 21:45:20] [WARN] [INIT] auto clear log: C:\Users\User\OneDrive\Documents\EasyEDA-Pro\logs
[2026-09-17 21:46:20] [WARN] [INIT] auto clear log: C:\Users\User\OneDrive\Documents\EasyEDA-Pro\logs
[2026-09-17 21:47:20] [WARN] [INIT] auto clear log: C:\Users\User\OneDrive\Documents\EasyEDA-Pro\logs
[2026-09-17 21:48:20] [WARN] [INIT] auto clear log: C:\Users\User\OneDrive\Documents\EasyEDA-Pro\logs
[2026-09-17 21:49:20] [WARN] [INIT] auto clear log: C:\Users\User\OneDrive\Documents\EasyEDA-Pro\logs
[2026-09-17 21:50:20] [WARN] [INIT] auto clear log: C:\Users\User\OneDrive\Documents\EasyEDA-Pro\logs
[2026-09-17 21:51:20] [WARN] [INIT] auto clear log: C:\Users\User\OneDrive\Documents\EasyEDA-Pro\logs
[2026-09-17 21:52:20] [WARN] [INIT] auto clear log: C:\Users\User\OneDrive\Documents\EasyEDA-Pro\logs
[2026-09-17 21:53:20] [WARN] [INIT] auto clear log: C:\Users\User\OneDrive\Documents\EasyEDA-Pro\logs
[2026-09-17 21:54:20] [WARN] [INIT] auto clear log: C:\Users\User\OneDrive\Documents\EasyEDA-Pro\logs
[2026-09-17 21:55:20] [WARN] [INIT] auto clear log: C:\Users\User\OneDrive\Documents\EasyEDA-Pro\logs
[2026-09-17 21:56:20] [WARN] [INIT] auto clear log: C:\Users\User\OneDrive\Documents\EasyEDA-Pro\logs
[2026-09-17 21:57:20] [WARN] [INIT] auto clear log: C:\Users\User\OneDrive\Documents\EasyEDA-Pro\logs
[2026-09-17 21:58:20] [WARN] [INIT] auto clear log: C:\Users\User\OneDrive\Documents\EasyEDA-Pro\logs
[2026-09-17 21:59:20] [WARN] [INIT] auto clear log: C:\Users\User\OneDrive\Documents\EasyEDA-Pro\logs
[2026-09-17 22:00:20] [WARN] [INIT] auto clear log: C:\Users\User\OneDrive\Documents\EasyEDA-Pro\logs
[2026-09-17 22:01:20] [WARN] [INIT] auto clear log: C:\Users\User\OneDrive\Documents\EasyEDA-Pro\logs
[2026-09-17 22:02:20] [WARN] [INIT] auto clear log: C:\Users\User\OneDrive\Documents\EasyEDA-Pro\logs
[2026-09-17 22:03:20] [WARN] [INIT] auto clear log: C:\Users\User\OneDrive\Documents\EasyEDA-Pro\logs
[2026-09-17 22:04:21] [WARN] [INIT] auto clear log: C:\Users\User\OneDrive\Documents\EasyEDA-Pro\logs
[2026-09-17 22:05:21] [WARN] [INIT] auto clear log: C:\Users\User\OneDrive\Documents\EasyEDA-Pro\logs
[2026-09-17 22:06:21] [WARN] [INIT] auto clear log: C:\Users\User\OneDrive\Documents\EasyEDA-Pro\logs
[2026-09-17 22:07:21] [WARN] [INIT] auto clear log: C:\Users\User\OneDrive\Documents\EasyEDA-Pro\logs
[2026-09-17 22:08:21] [WARN] [INIT] auto clear log: C:\Users\User\OneDrive\Documents\EasyEDA-Pro\logs
[2026-09-17 22:09:21] [WARN] [INIT] auto clear log: C:\Users\User\OneDrive\Documents\EasyEDA-Pro\logs
[2026-09-17 22:10:21] [WARN] [INIT] auto clear log: C:\Users\User\OneDrive\Documents\EasyEDA-Pro\logs
[2026-09-17 22:11:21] [WARN] [INIT] auto clear log: C:\Users\User\OneDrive\Documents\EasyEDA-Pro\logs
[2026-09-17 22:12:21] [WARN] [INIT] auto clear log: C:\Users\User\OneDrive\Documents\EasyEDA-Pro\logs
[2026-09-17 22:13:21] [WARN] [INIT] auto clear log: C:\Users\User\OneDrive\Documents\EasyEDA-Pro\logs
[2026-09-17 22:14:21] [WARN] [INIT] auto clear log: C:\Users\User\OneDrive\Documents\EasyEDA-Pro\logs
[2026-09-17 22:15:21] [WARN] [INIT] auto clear log: C:\Users\User\OneDrive\Documents\EasyEDA-Pro\logs
[2026-09-17 22:16:21] [WARN] [INIT] auto clear log: C:\Users\User\OneDrive\Documents\EasyEDA-Pro\logs
[2026-09-17 22:17:21] [WARN] [INIT] auto clear log: C:\Users\User\OneDrive\Documents\EasyEDA-Pro\logs
[2026-09-17 22:18:21] [WARN] [INIT] auto clear log: C:\Users\User\OneDrive\Documents\EasyEDA-Pro\logs
[2026-09-17 22:19:21] [WARN] [INIT] auto clear log: C:\Users\User\OneDrive\Documents\EasyEDA-Pro\logs
[2026-09-17 22:20:21] [WARN] [INIT] auto clear log: C:\Users\User\OneDrive\Documents\EasyEDA-Pro\logs
[2026-09-17 22:21:21] [WARN] [INIT] auto clear log: C:\Users\User\OneDrive\Documents\EasyEDA-Pro\logs
[2026-09-17 22:22:21] [WARN] [INIT] auto clear log: C:\Users\User\OneDrive\Documents\EasyEDA-Pro\logs
[2026-09-17 22:23:21] [WARN] [INIT] auto clear log: C:\Users\User\OneDrive\Documents\EasyEDA-Pro\logs
[2026-09-17 22:24:21] [WARN] [INIT] auto clear log: C:\Users\User\OneDrive\Documents\EasyEDA-Pro\logs
[2026-09-17 22:25:21] [WARN] [INIT] auto clear log: C:\Users\User\OneDrive\Documents\EasyEDA-Pro\logs
[2026-09-17 22:26:21] [WARN] [INIT] auto clear log: C:\Users\User\OneDrive\Documents\EasyEDA-Pro\logs
[2026-09-17 22:27:21] [WARN] [INIT] auto clear log: C:\Users\User\OneDrive\Documents\EasyEDA-Pro\logs
[2026-09-17 22:28:21] [WARN] [INIT] auto clear log: C:\Users\User\OneDrive\Documents\EasyEDA-Pro\logs
[2026-09-17 22:29:21] [WARN] [INIT] auto clear log: C:\Users\User\OneDrive\Documents\EasyEDA-Pro\logs
[2026-09-17 22:30:21] [WARN] [INIT] auto clear log: C:\Users\User\OneDrive\Documents\EasyEDA-Pro\logs
[2026-09-17 22:31:21] [WARN] [INIT] auto clear log: C:\Users\User\OneDrive\Documents\EasyEDA-Pro\logs
[2026-09-17 22:32:21] [WARN] [INIT] auto clear log: C:\Users\User\OneDrive\Documents\EasyEDA-Pro\logs
[2026-09-17 22:33:21] [WARN] [INIT] auto clear log: C:\Users\User\OneDrive\Documents\EasyEDA-Pro\logs
[2026-09-17 22:34:21] [WARN] [INIT] auto clear log: C:\Users\User\OneDrive\Documents\EasyEDA-Pro\logs
[2026-09-17 22:35:21] [WARN] [INIT] auto clear log: C:\Users\User\OneDrive\Documents\EasyEDA-Pro\logs
[2026-09-17 22:36:21] [WARN] [INIT] auto clear log: C:\Users\User\OneDrive\Documents\EasyEDA-Pro\logs
[2026-09-17 22:37:21] [WARN] [INIT] auto clear log: C:\Users\User\OneDrive\Documents\EasyEDA-Pro\logs
